name,id,base_experience,weight,height,order,type_primary,type_secondary,front_default_sprite_url,bmi
Bulbasaur,1,64,69,7,1,grass,poison,https://raw.githubusercontent.com/PokeAPI/sprites/master/sprites/pokemon/1.png,1.4081632653061225
Ivysaur,2,142,130,10,2,grass,poison,https://raw.githubusercontent.com/PokeAPI/sprites/master/sprites/pokemon/2.png,1.3
Venusaur,3,263,1000,20,3,grass,poison,https://raw.githubusercontent.com/PokeAPI/sprites/master/sprites/pokemon/3.png,2.5
Charmander,4,62,85,6,5,fire,,https://raw.githubusercontent.com/PokeAPI/sprites/master/sprites/pokemon/4.png,2.361111111111111
Charmeleon,5,142,190,11,6,fire,,https://raw.githubusercontent.com/PokeAPI/sprites/master/sprites/pokemon/5.png,1.5702479338842976
Charizard,6,267,905,17,7,fire,flying,https://raw.githubusercontent.com/PokeAPI/sprites/master/sprites/pokemon/6.png,3.131487889273356
Squirtle,7,63,90,5,10,water,,https://raw.githubusercontent.com/PokeAPI/sprites/master/sprites/pokemon/7.png,3.6
Wartortle,8,142,225,10,11,water,,https://raw.githubusercontent.com/PokeAPI/sprites/master/sprites/pokemon/8.png,2.25
Blastoise,9,265,855,16,12,water,,https://raw.githubusercontent.com/PokeAPI/sprites/master/sprites/pokemon/9.png,3.33984375
Caterpie,10,39,29,3,14,bug,,https://raw.githubusercontent.com/PokeAPI/sprites/master/sprites/pokemon/10.png,3.2222222222222223
Metapod,11,72,99,7,15,bug,,https://raw.githubusercontent.com/PokeAPI/sprites/master/sprites/pokemon/11.png,2.020408163265306
Butterfree,12,198,320,11,16,bug,flying,https://raw.githubusercontent.com/PokeAPI/sprites/master/sprites/pokemon/12.png,2.644628099173554
Weedle,13,39,32,3,17,bug,poison,https://raw.githubusercontent.com/PokeAPI/sprites/master/sprites/pokemon/13.png,3.5555555555555554
Kakuna,14,72,100,6,18,bug,poison,https://raw.githubusercontent.com/PokeAPI/sprites/master/sprites/pokemon/14.png,2.7777777777777777
Beedrill,15,178,295,10,19,bug,poison,https://raw.githubusercontent.com/PokeAPI/sprites/master/sprites/pokemon/15.png,2.95
Pidgey,16,50,18,3,21,normal,flying,https://raw.githubusercontent.com/PokeAPI/sprites/master/sprites/pokemon/16.png,2.0
Pidgeotto,17,122,300,11,22,normal,flying,https://raw.githubusercontent.com/PokeAPI/sprites/master/sprites/pokemon/17.png,2.479338842975207
Pidgeot,18,216,395,15,23,normal,flying,https://raw.githubusercontent.com/PokeAPI/sprites/master/sprites/pokemon/18.png,1.7555555555555555
Rattata,19,51,35,3,25,normal,,https://raw.githubusercontent.com/PokeAPI/sprites/master/sprites/pokemon/19.png,3.888888888888889
Raticate,20,145,185,7,27,normal,,https://raw.githubusercontent.com/PokeAPI/sprites/master/sprites/pokemon/20.png,3.7755102040816326
Spearow,21,52,20,3,30,normal,flying,https://raw.githubusercontent.com/PokeAPI/sprites/master/sprites/pokemon/21.png,2.2222222222222223
Fearow,22,155,380,12,31,normal,flying,https://raw.githubusercontent.com/PokeAPI/sprites/master/sprites/pokemon/22.png,2.638888888888889
Ekans,23,58,69,20,32,poison,,https://raw.githubusercontent.com/PokeAPI/sprites/master/sprites/pokemon/23.png,0.1725
Arbok,24,157,650,35,33,poison,,https://raw.githubusercontent.com/PokeAPI/sprites/master/sprites/pokemon/24.png,0.5306122448979592
Pikachu,25,112,60,4,35,electric,,https://raw.githubusercontent.com/PokeAPI/sprites/master/sprites/pokemon/25.png,3.75
Raichu,26,243,300,8,51,electric,,https://raw.githubusercontent.com/PokeAPI/sprites/master/sprites/pokemon/26.png,4.6875
Sandshrew,27,60,120,6,53,ground,,https://raw.githubusercontent.com/PokeAPI/sprites/master/sprites/pokemon/27.png,3.3333333333333335
Sandslash,28,158,295,10,55,ground,,https://raw.githubusercontent.com/PokeAPI/sprites/master/sprites/pokemon/28.png,2.95
Nidoran-F,29,55,70,4,57,poison,,https://raw.githubusercontent.com/PokeAPI/sprites/master/sprites/pokemon/29.png,4.375
Nidorina,30,128,200,8,58,poison,,https://raw.githubusercontent.com/PokeAPI/sprites/master/sprites/pokemon/30.png,3.125
Nidoqueen,31,253,600,13,59,poison,ground,https://raw.githubusercontent.com/PokeAPI/sprites/master/sprites/pokemon/31.png,3.5502958579881656
Nidoran-M,32,55,90,5,60,poison,,https://raw.githubusercontent.com/PokeAPI/sprites/master/sprites/pokemon/32.png,3.6
Nidorino,33,128,195,9,61,poison,,https://raw.githubusercontent.com/PokeAPI/sprites/master/sprites/pokemon/33.png,2.4074074074074074
Nidoking,34,253,620,14,62,poison,ground,https://raw.githubusercontent.com/PokeAPI/sprites/master/sprites/pokemon/34.png,3.163265306122449
Clefairy,35,113,75,6,64,fairy,,https://raw.githubusercontent.com/PokeAPI/sprites/master/sprites/pokemon/35.png,2.0833333333333335
Clefable,36,242,400,13,65,fairy,,https://raw.githubusercontent.com/PokeAPI/sprites/master/sprites/pokemon/36.png,2.366863905325444
Vulpix,37,60,99,6,66,fire,,https://raw.githubusercontent.com/PokeAPI/sprites/master/sprites/pokemon/37.png,2.75
Ninetales,38,177,199,11,68,fire,,https://raw.githubusercontent.com/PokeAPI/sprites/master/sprites/pokemon/38.png,1.6446280991735538
Jigglypuff,39,95,55,5,71,normal,fairy,https://raw.githubusercontent.com/PokeAPI/sprites/master/sprites/pokemon/39.png,2.2
Wigglytuff,40,218,120,10,72,normal,fairy,https://raw.githubusercontent.com/PokeAPI/sprites/master/sprites/pokemon/40.png,1.2
Zubat,41,49,75,8,73,poison,flying,https://raw.githubusercontent.com/PokeAPI/sprites/master/sprites/pokemon/41.png,1.171875
Golbat,42,159,550,16,74,poison,flying,https://raw.githubusercontent.com/PokeAPI/sprites/master/sprites/pokemon/42.png,2.1484375
Oddish,43,64,54,5,76,grass,poison,https://raw.githubusercontent.com/PokeAPI/sprites/master/sprites/pokemon/43.png,2.16
Gloom,44,138,86,8,77,grass,poison,https://raw.githubusercontent.com/PokeAPI/sprites/master/sprites/pokemon/44.png,1.34375
Vileplume,45,245,186,12,78,grass,poison,https://raw.githubusercontent.com/PokeAPI/sprites/master/sprites/pokemon/45.png,1.2916666666666667
Paras,46,57,54,3,80,bug,grass,https://raw.githubusercontent.com/PokeAPI/sprites/master/sprites/pokemon/46.png,6.0
Parasect,47,142,295,10,81,bug,grass,https://raw.githubusercontent.com/PokeAPI/sprites/master/sprites/pokemon/47.png,2.95
Venonat,48,61,300,10,82,bug,poison,https://raw.githubusercontent.com/PokeAPI/sprites/master/sprites/pokemon/48.png,3.0
Venomoth,49,158,125,15,83,bug,poison,https://raw.githubusercontent.com/PokeAPI/sprites/master/sprites/pokemon/49.png,0.5555555555555556
Diglett,50,53,8,2,84,ground,,https://raw.githubusercontent.com/PokeAPI/sprites/master/sprites/pokemon/50.png,2.0
Dugtrio,51,149,333,7,86,ground,,https://raw.githubusercontent.com/PokeAPI/sprites/master/sprites/pokemon/51.png,6.795918367346939
Meowth,52,58,42,4,88,normal,,https://raw.githubusercontent.com/PokeAPI/sprites/master/sprites/pokemon/52.png,2.625
Persian,53,154,320,10,91,normal,,https://raw.githubusercontent.com/PokeAPI/sprites/master/sprites/pokemon/53.png,3.2
Psyduck,54,64,196,8,93,water,,https://raw.githubusercontent.com/PokeAPI/sprites/master/sprites/pokemon/54.png,3.0625
Golduck,55,175,766,17,94,water,,https://raw.githubusercontent.com/PokeAPI/sprites/master/sprites/pokemon/55.png,2.6505190311418687
Mankey,56,61,280,5,95,fighting,,https://raw.githubusercontent.com/PokeAPI/sprites/master/sprites/pokemon/56.png,11.2
Primeape,57,159,320,10,96,fighting,,https://raw.githubusercontent.com/PokeAPI/sprites/master/sprites/pokemon/57.png,3.2
Growlithe,58,70,190,7,97,fire,,https://raw.githubusercontent.com/PokeAPI/sprites/master/sprites/pokemon/58.png,3.877551020408163
Arcanine,59,194,1550,19,98,fire,,https://raw.githubusercontent.com/PokeAPI/sprites/master/sprites/pokemon/59.png,4.293628808864266
Poliwag,60,60,124,6,99,water,,https://raw.githubusercontent.com/PokeAPI/sprites/master/sprites/pokemon/60.png,3.4444444444444446
Poliwhirl,61,135,200,10,100,water,,https://raw.githubusercontent.com/PokeAPI/sprites/master/sprites/pokemon/61.png,2.0
Poliwrath,62,255,540,13,101,water,fighting,https://raw.githubusercontent.com/PokeAPI/sprites/master/sprites/pokemon/62.png,3.195266272189349
Abra,63,62,195,9,103,psychic,,https://raw.githubusercontent.com/PokeAPI/sprites/master/sprites/pokemon/63.png,2.4074074074074074
Kadabra,64,140,565,13,104,psychic,,https://raw.githubusercontent.com/PokeAPI/sprites/master/sprites/pokemon/64.png,3.3431952662721893
Alakazam,65,250,480,15,105,psychic,,https://raw.githubusercontent.com/PokeAPI/sprites/master/sprites/pokemon/65.png,2.1333333333333333
Machop,66,61,195,8,107,fighting,,https://raw.githubusercontent.com/PokeAPI/sprites/master/sprites/pokemon/66.png,3.046875
Machoke,67,142,705,15,108,fighting,,https://raw.githubusercontent.com/PokeAPI/sprites/master/sprites/pokemon/67.png,3.1333333333333333
Machamp,68,253,1300,16,109,fighting,,https://raw.githubusercontent.com/PokeAPI/sprites/master/sprites/pokemon/68.png,5.078125
Bellsprout,69,60,40,7,110,grass,poison,https://raw.githubusercontent.com/PokeAPI/sprites/master/sprites/pokemon/69.png,0.8163265306122449
Weepinbell,70,137,64,10,111,grass,poison,https://raw.githubusercontent.com/PokeAPI/sprites/master/sprites/pokemon/70.png,0.64
Victreebel,71,221,155,17,112,grass,poison,https://raw.githubusercontent.com/PokeAPI/sprites/master/sprites/pokemon/71.png,0.5363321799307958
Tentacool,72,67,455,9,113,water,poison,https://raw.githubusercontent.com/PokeAPI/sprites/master/sprites/pokemon/72.png,5.617283950617284
Tentacruel,73,180,550,16,114,water,poison,https://raw.githubusercontent.com/PokeAPI/sprites/master/sprites/pokemon/73.png,2.1484375
Geodude,74,60,200,4,115,rock,ground,https://raw.githubusercontent.com/PokeAPI/sprites/master/sprites/pokemon/74.png,12.5
Graveler,75,137,1050,10,117,rock,ground,https://raw.githubusercontent.com/PokeAPI/sprites/master/sprites/pokemon/75.png,10.5
Golem,76,223,3000,14,119,rock,ground,https://raw.githubusercontent.com/PokeAPI/sprites/master/sprites/pokemon/76.png,15.306122448979592
Ponyta,77,82,300,10,121,fire,,https://raw.githubusercontent.com/PokeAPI/sprites/master/sprites/pokemon/77.png,3.0
Rapidash,78,175,950,17,123,fire,,https://raw.githubusercontent.com/PokeAPI/sprites/master/sprites/pokemon/78.png,3.28719723183391
Slowpoke,79,63,360,12,125,water,psychic,https://raw.githubusercontent.com/PokeAPI/sprites/master/sprites/pokemon/79.png,2.5
Slowbro,80,172,785,16,127,water,psychic,https://raw.githubusercontent.com/PokeAPI/sprites/master/sprites/pokemon/80.png,3.06640625
Magnemite,81,65,60,3,132,electric,steel,https://raw.githubusercontent.com/PokeAPI/sprites/master/sprites/pokemon/81.png,6.666666666666667
Magneton,82,163,600,10,133,electric,steel,https://raw.githubusercontent.com/PokeAPI/sprites/master/sprites/pokemon/82.png,6.0
Farfetchd,83,132,150,8,135,normal,flying,https://raw.githubusercontent.com/PokeAPI/sprites/master/sprites/pokemon/83.png,2.34375
Doduo,84,62,392,14,137,normal,flying,https://raw.githubusercontent.com/PokeAPI/sprites/master/sprites/pokemon/84.png,2.0
Dodrio,85,165,852,18,138,normal,flying,https://raw.githubusercontent.com/PokeAPI/sprites/master/sprites/pokemon/85.png,2.6296296296296298
Seel,86,65,900,11,139,water,,https://raw.githubusercontent.com/PokeAPI/sprites/master/sprites/pokemon/86.png,7.43801652892562
Dewgong,87,166,1200,17,140,water,ice,https://raw.githubusercontent.com/PokeAPI/sprites/master/sprites/pokemon/87.png,4.1522491349480966
Grimer,88,65,300,9,141,poison,,https://raw.githubusercontent.com/PokeAPI/sprites/master/sprites/pokemon/88.png,3.7037037037037037
Muk,89,175,300,12,143,poison,,https://raw.githubusercontent.com/PokeAPI/sprites/master/sprites/pokemon/89.png,2.0833333333333335
Shellder,90,61,40,3,145,water,,https://raw.githubusercontent.com/PokeAPI/sprites/master/sprites/pokemon/90.png,4.444444444444445
Cloyster,91,184,1325,15,146,water,ice,https://raw.githubusercontent.com/PokeAPI/sprites/master/sprites/pokemon/91.png,5.888888888888889
Gastly,92,62,1,13,147,ghost,poison,https://raw.githubusercontent.com/PokeAPI/sprites/master/sprites/pokemon/92.png,0.005917159763313609
Haunter,93,142,1,16,148,ghost,poison,https://raw.githubusercontent.com/PokeAPI/sprites/master/sprites/pokemon/93.png,0.00390625
Gengar,94,250,405,15,149,ghost,poison,https://raw.githubusercontent.com/PokeAPI/sprites/master/sprites/pokemon/94.png,1.8
Onix,95,77,2100,88,151,rock,ground,https://raw.githubusercontent.com/PokeAPI/sprites/master/sprites/pokemon/95.png,0.27117768595041325
Drowzee,96,66,324,10,154,psychic,,https://raw.githubusercontent.com/PokeAPI/sprites/master/sprites/pokemon/96.png,3.24
Hypno,97,169,756,16,155,psychic,,https://raw.githubusercontent.com/PokeAPI/sprites/master/sprites/pokemon/97.png,2.953125
Krabby,98,65,65,4,156,water,,https://raw.githubusercontent.com/PokeAPI/sprites/master/sprites/pokemon/98.png,4.0625
Kingler,99,166,600,13,157,water,,https://raw.githubusercontent.com/PokeAPI/sprites/master/sprites/pokemon/99.png,3.5502958579881656
Voltorb,100,66,104,5,158,electric,,https://raw.githubusercontent.com/PokeAPI/sprites/master/sprites/pokemon/100.png,4.16
Electrode,101,172,666,12,159,electric,,https://raw.githubusercontent.com/PokeAPI/sprites/master/sprites/pokemon/101.png,4.625
Exeggcute,102,65,25,4,160,grass,psychic,https://raw.githubusercontent.com/PokeAPI/sprites/master/sprites/pokemon/102.png,1.5625
Exeggutor,103,186,1200,20,161,grass,psychic,https://raw.githubusercontent.com/PokeAPI/sprites/master/sprites/pokemon/103.png,3.0
Cubone,104,64,65,4,163,ground,,https://raw.githubusercontent.com/PokeAPI/sprites/master/sprites/pokemon/104.png,4.0625
Marowak,105,149,450,10,164,ground,,https://raw.githubusercontent.com/PokeAPI/sprites/master/sprites/pokemon/105.png,4.5
Hitmonlee,106,159,498,15,168,fighting,,https://raw.githubusercontent.com/PokeAPI/sprites/master/sprites/pokemon/106.png,2.2133333333333334
Hitmonchan,107,159,502,14,169,fighting,,https://raw.githubusercontent.com/PokeAPI/sprites/master/sprites/pokemon/107.png,2.561224489795918
Lickitung,108,77,655,12,171,normal,,https://raw.githubusercontent.com/PokeAPI/sprites/master/sprites/pokemon/108.png,4.548611111111111
Koffing,109,68,10,6,173,poison,,https://raw.githubusercontent.com/PokeAPI/sprites/master/sprites/pokemon/109.png,0.2777777777777778
Weezing,110,172,95,12,174,poison,,https://raw.githubusercontent.com/PokeAPI/sprites/master/sprites/pokemon/110.png,0.6597222222222222
Rhyhorn,111,69,1150,10,176,ground,rock,https://raw.githubusercontent.com/PokeAPI/sprites/master/sprites/pokemon/111.png,11.5
Rhydon,112,170,1200,19,177,ground,rock,https://raw.githubusercontent.com/PokeAPI/sprites/master/sprites/pokemon/112.png,3.3240997229916895
Chansey,113,395,346,11,180,normal,,https://raw.githubusercontent.com/PokeAPI/sprites/master/sprites/pokemon/113.png,2.8595041322314048
Tangela,114,87,350,10,182,grass,,https://raw.githubusercontent.com/PokeAPI/sprites/master/sprites/pokemon/114.png,3.5
Kangaskhan,115,172,800,22,184,normal,,https://raw.githubusercontent.com/PokeAPI/sprites/master/sprites/pokemon/115.png,1.6528925619834711
Horsea,116,59,80,4,186,water,,https://raw.githubusercontent.com/PokeAPI/sprites/master/sprites/pokemon/116.png,5.0
Seadra,117,154,250,12,187,water,,https://raw.githubusercontent.com/PokeAPI/sprites/master/sprites/pokemon/117.png,1.7361111111111112
Goldeen,118,64,150,6,189,water,,https://raw.githubusercontent.com/PokeAPI/sprites/master/sprites/pokemon/118.png,4.166666666666667
Seaking,119,158,390,13,190,water,,https://raw.githubusercontent.com/PokeAPI/sprites/master/sprites/pokemon/119.png,2.3076923076923075
Staryu,120,68,345,8,191,water,,https://raw.githubusercontent.com/PokeAPI/sprites/master/sprites/pokemon/120.png,5.390625
Starmie,121,182,800,11,192,water,psychic,https://raw.githubusercontent.com/PokeAPI/sprites/master/sprites/pokemon/121.png,6.6115702479338845
Mr-Mime,122,161,545,13,194,psychic,fairy,https://raw.githubusercontent.com/PokeAPI/sprites/master/sprites/pokemon/122.png,3.224852071005917
Scyther,123,100,560,15,196,bug,flying,https://raw.githubusercontent.com/PokeAPI/sprites/master/sprites/pokemon/123.png,2.488888888888889
Jynx,124,159,406,14,200,ice,psychic,https://raw.githubusercontent.com/PokeAPI/sprites/master/sprites/pokemon/124.png,2.0714285714285716
Electabuzz,125,172,300,11,202,electric,,https://raw.githubusercontent.com/PokeAPI/sprites/master/sprites/pokemon/125.png,2.479338842975207
Magmar,126,173,445,13,205,fire,,https://raw.githubusercontent.com/PokeAPI/sprites/master/sprites/pokemon/126.png,2.633136094674556
Pinsir,127,175,550,15,207,bug,,https://raw.githubusercontent.com/PokeAPI/sprites/master/sprites/pokemon/127.png,2.4444444444444446
Tauros,128,172,884,14,209,normal,,https://raw.githubusercontent.com/PokeAPI/sprites/master/sprites/pokemon/128.png,4.510204081632653
Magikarp,129,40,100,9,210,water,,https://raw.githubusercontent.com/PokeAPI/sprites/master/sprites/pokemon/129.png,1.2345679012345678
Gyarados,130,189,2350,65,211,water,flying,https://raw.githubusercontent.com/PokeAPI/sprites/master/sprites/pokemon/130.png,0.5562130177514792
Lapras,131,187,2200,25,213,water,ice,https://raw.githubusercontent.com/PokeAPI/sprites/master/sprites/pokemon/131.png,3.52
Ditto,132,101,40,3,214,normal,,https://raw.githubusercontent.com/PokeAPI/sprites/master/sprites/pokemon/132.png,4.444444444444445
Eevee,133,65,65,3,215,normal,,https://raw.githubusercontent.com/PokeAPI/sprites/master/sprites/pokemon/133.png,7.222222222222222
Vaporeon,134,184,290,10,217,water,,https://raw.githubusercontent.com/PokeAPI/sprites/master/sprites/pokemon/134.png,2.9
Jolteon,135,184,245,8,218,electric,,https://raw.githubusercontent.com/PokeAPI/sprites/master/sprites/pokemon/135.png,3.828125
Flareon,136,184,250,9,219,fire,,https://raw.githubusercontent.com/PokeAPI/sprites/master/sprites/pokemon/136.png,3.0864197530864197
Porygon,137,79,365,8,225,normal,,https://raw.githubusercontent.com/PokeAPI/sprites/master/sprites/pokemon/137.png,5.703125
Omanyte,138,71,75,4,228,rock,water,https://raw.githubusercontent.com/PokeAPI/sprites/master/sprites/pokemon/138.png,4.6875
Omastar,139,173,350,10,229,rock,water,https://raw.githubusercontent.com/PokeAPI/sprites/master/sprites/pokemon/139.png,3.5
Kabuto,140,71,115,5,230,rock,water,https://raw.githubusercontent.com/PokeAPI/sprites/master/sprites/pokemon/140.png,4.6
Kabutops,141,173,405,13,231,rock,water,https://raw.githubusercontent.com/PokeAPI/sprites/master/sprites/pokemon/141.png,2.396449704142012
Aerodactyl,142,180,590,18,232,rock,flying,https://raw.githubusercontent.com/PokeAPI/sprites/master/sprites/pokemon/142.png,1.8209876543209877
Snorlax,143,189,4600,21,235,normal,,https://raw.githubusercontent.com/PokeAPI/sprites/master/sprites/pokemon/143.png,10.430839002267573
Articuno,144,290,554,17,236,ice,flying,https://raw.githubusercontent.com/PokeAPI/sprites/master/sprites/pokemon/144.png,1.9169550173010381
Zapdos,145,290,526,16,238,electric,flying,https://raw.githubusercontent.com/PokeAPI/sprites/master/sprites/pokemon/145.png,2.0546875
Moltres,146,290,600,20,240,fire,flying,https://raw.githubusercontent.com/PokeAPI/sprites/master/sprites/pokemon/146.png,1.5
Dratini,147,60,33,18,242,dragon,,https://raw.githubusercontent.com/PokeAPI/sprites/master/sprites/pokemon/147.png,0.10185185185185185
Dragonair,148,147,165,40,243,dragon,,https://raw.githubusercontent.com/PokeAPI/sprites/master/sprites/pokemon/148.png,0.103125
Dragonite,149,300,2100,22,244,dragon,flying,https://raw.githubusercontent.com/PokeAPI/sprites/master/sprites/pokemon/149.png,4.338842975206612
Mewtwo,150,340,1220,20,245,psychic,,https://raw.githubusercontent.com/PokeAPI/sprites/master/sprites/pokemon/150.png,3.05
Mew,151,300,40,4,248,psychic,,https://raw.githubusercontent.com/PokeAPI/sprites/master/sprites/pokemon/151.png,2.5
Chikorita,152,64,64,9,249,grass,,https://raw.githubusercontent.com/PokeAPI/sprites/master/sprites/pokemon/152.png,0.7901234567901234
Bayleef,153,142,158,12,250,grass,,https://raw.githubusercontent.com/PokeAPI/sprites/master/sprites/pokemon/153.png,1.0972222222222223
Meganium,154,236,1005,18,251,grass,,https://raw.githubusercontent.com/PokeAPI/sprites/master/sprites/pokemon/154.png,3.1018518518518516
Cyndaquil,155,62,79,5,252,fire,,https://raw.githubusercontent.com/PokeAPI/sprites/master/sprites/pokemon/155.png,3.16
Quilava,156,142,190,9,253,fire,,https://raw.githubusercontent.com/PokeAPI/sprites/master/sprites/pokemon/156.png,2.345679012345679
Typhlosion,157,240,795,17,254,fire,,https://raw.githubusercontent.com/PokeAPI/sprites/master/sprites/pokemon/157.png,2.7508650519031144
Totodile,158,63,95,6,255,water,,https://raw.githubusercontent.com/PokeAPI/sprites/master/sprites/pokemon/158.png,2.638888888888889
Croconaw,159,142,250,11,256,water,,https://raw.githubusercontent.com/PokeAPI/sprites/master/sprites/pokemon/159.png,2.0661157024793386
Feraligatr,160,239,888,23,257,water,,https://raw.githubusercontent.com/PokeAPI/sprites/master/sprites/pokemon/160.png,1.6786389413988658
Sentret,161,43,60,8,258,normal,,https://raw.githubusercontent.com/PokeAPI/sprites/master/sprites/pokemon/161.png,0.9375
Furret,162,145,325,18,259,normal,,https://raw.githubusercontent.com/PokeAPI/sprites/master/sprites/pokemon/162.png,1.0030864197530864
Hoothoot,163,52,212,7,260,normal,flying,https://raw.githubusercontent.com/PokeAPI/sprites/master/sprites/pokemon/163.png,4.326530612244898
Noctowl,164,158,408,16,261,normal,flying,https://raw.githubusercontent.com/PokeAPI/sprites/master/sprites/pokemon/164.png,1.59375
Ledyba,165,53,108,10,262,bug,flying,https://raw.githubusercontent.com/PokeAPI/sprites/master/sprites/pokemon/165.png,1.08
Ledian,166,137,356,14,263,bug,flying,https://raw.githubusercontent.com/PokeAPI/sprites/master/sprites/pokemon/166.png,1.816326530612245
Spinarak,167,50,85,5,264,bug,poison,https://raw.githubusercontent.com/PokeAPI/sprites/master/sprites/pokemon/167.png,3.4
Ariados,168,140,335,11,265,bug,poison,https://raw.githubusercontent.com/PokeAPI/sprites/master/sprites/pokemon/168.png,2.768595041322314
Crobat,169,268,750,18,75,poison,flying,https://raw.githubusercontent.com/PokeAPI/sprites/master/sprites/pokemon/169.png,2.314814814814815
Chinchou,170,66,120,5,266,water,electric,https://raw.githubusercontent.com/PokeAPI/sprites/master/sprites/pokemon/170.png,4.8
Lanturn,171,161,225,12,267,water,electric,https://raw.githubusercontent.com/PokeAPI/sprites/master/sprites/pokemon/171.png,1.5625
Pichu,172,41,20,3,34,electric,,https://raw.githubusercontent.com/PokeAPI/sprites/master/sprites/pokemon/172.png,2.2222222222222223
Cleffa,173,44,30,3,63,fairy,,https://raw.githubusercontent.com/PokeAPI/sprites/master/sprites/pokemon/173.png,3.3333333333333335
Igglybuff,174,42,10,3,70,normal,fairy,https://raw.githubusercontent.com/PokeAPI/sprites/master/sprites/pokemon/174.png,1.1111111111111112
Togepi,175,49,15,3,268,fairy,,https://raw.githubusercontent.com/PokeAPI/sprites/master/sprites/pokemon/175.png,1.6666666666666667
Togetic,176,142,32,6,269,fairy,flying,https://raw.githubusercontent.com/PokeAPI/sprites/master/sprites/pokemon/176.png,0.8888888888888888
Natu,177,64,20,2,271,psychic,flying,https://raw.githubusercontent.com/PokeAPI/sprites/master/sprites/pokemon/177.png,5.0
Xatu,178,165,150,15,272,psychic,flying,https://raw.githubusercontent.com/PokeAPI/sprites/master/sprites/pokemon/178.png,0.6666666666666666
Mareep,179,56,78,6,273,electric,,https://raw.githubusercontent.com/PokeAPI/sprites/master/sprites/pokemon/179.png,2.1666666666666665
Flaaffy,180,128,133,8,274,electric,,https://raw.githubusercontent.com/PokeAPI/sprites/master/sprites/pokemon/180.png,2.078125
Ampharos,181,230,615,14,275,electric,,https://raw.githubusercontent.com/PokeAPI/sprites/master/sprites/pokemon/181.png,3.1377551020408165
Bellossom,182,245,58,4,79,grass,,https://raw.githubusercontent.com/PokeAPI/sprites/master/sprites/pokemon/182.png,3.625
Marill,183,88,85,4,278,water,fairy,https://raw.githubusercontent.com/PokeAPI/sprites/master/sprites/pokemon/183.png,5.3125
Azumarill,184,210,285,8,279,water,fairy,https://raw.githubusercontent.com/PokeAPI/sprites/master/sprites/pokemon/184.png,4.453125
Sudowoodo,185,144,380,12,281,rock,,https://raw.githubusercontent.com/PokeAPI/sprites/master/sprites/pokemon/185.png,2.638888888888889
Politoed,186,250,339,11,102,water,,https://raw.githubusercontent.com/PokeAPI/sprites/master/sprites/pokemon/186.png,2.8016528925619837
Hoppip,187,50,5,4,282,grass,flying,https://raw.githubusercontent.com/PokeAPI/sprites/master/sprites/pokemon/187.png,0.3125
Skiploom,188,119,10,6,283,grass,flying,https://raw.githubusercontent.com/PokeAPI/sprites/master/sprites/pokemon/188.png,0.2777777777777778
Jumpluff,189,207,30,8,284,grass,flying,https://raw.githubusercontent.com/PokeAPI/sprites/master/sprites/pokemon/189.png,0.46875
Aipom,190,72,115,8,285,normal,,https://raw.githubusercontent.com/PokeAPI/sprites/master/sprites/pokemon/190.png,1.796875
Sunkern,191,36,18,3,287,grass,,https://raw.githubusercontent.com/PokeAPI/sprites/master/sprites/pokemon/191.png,2.0
Sunflora,192,149,85,8,288,grass,,https://raw.githubusercontent.com/PokeAPI/sprites/master/sprites/pokemon/192.png,1.328125
Yanma,193,78,380,12,289,bug,flying,https://raw.githubusercontent.com/PokeAPI/sprites/master/sprites/pokemon/193.png,2.638888888888889
Wooper,194,42,85,4,291,water,ground,https://raw.githubusercontent.com/PokeAPI/sprites/master/sprites/pokemon/194.png,5.3125
Quagsire,195,151,750,14,292,water,ground,https://raw.githubusercontent.com/PokeAPI/sprites/master/sprites/pokemon/195.png,3.826530612244898
Espeon,196,184,265,9,220,psychic,,https://raw.githubusercontent.com/PokeAPI/sprites/master/sprites/pokemon/196.png,3.271604938271605
Umbreon,197,184,270,10,221,dark,,https://raw.githubusercontent.com/PokeAPI/sprites/master/sprites/pokemon/197.png,2.7
Murkrow,198,81,21,5,293,dark,flying,https://raw.githubusercontent.com/PokeAPI/sprites/master/sprites/pokemon/198.png,0.84
Slowking,199,172,795,20,130,water,psychic,https://raw.githubusercontent.com/PokeAPI/sprites/master/sprites/pokemon/199.png,1.9875
Misdreavus,200,87,10,7,295,ghost,,https://raw.githubusercontent.com/PokeAPI/sprites/master/sprites/pokemon/200.png,0.20408163265306123
Unown,201,118,50,5,297,psychic,,https://raw.githubusercontent.com/PokeAPI/sprites/master/sprites/pokemon/201.png,2.0
Wobbuffet,202,142,285,13,299,psychic,,https://raw.githubusercontent.com/PokeAPI/sprites/master/sprites/pokemon/202.png,1.6863905325443787
Girafarig,203,159,415,15,300,normal,psychic,https://raw.githubusercontent.com/PokeAPI/sprites/master/sprites/pokemon/203.png,1.8444444444444446
Pineco,204,58,72,6,301,bug,,https://raw.githubusercontent.com/PokeAPI/sprites/master/sprites/pokemon/204.png,2.0
Forretress,205,163,1258,12,302,bug,steel,https://raw.githubusercontent.com/PokeAPI/sprites/master/sprites/pokemon/205.png,8.73611111111111
Dunsparce,206,145,140,15,303,normal,,https://raw.githubusercontent.com/PokeAPI/sprites/master/sprites/pokemon/206.png,0.6222222222222222
Gligar,207,86,648,11,304,ground,flying,https://raw.githubusercontent.com/PokeAPI/sprites/master/sprites/pokemon/207.png,5.355371900826446
Steelix,208,179,4000,92,152,steel,ground,https://raw.githubusercontent.com/PokeAPI/sprites/master/sprites/pokemon/208.png,0.4725897920604915
Snubbull,209,60,78,6,306,fairy,,https://raw.githubusercontent.com/PokeAPI/sprites/master/sprites/pokemon/209.png,2.1666666666666665
Granbull,210,158,487,14,307,fairy,,https://raw.githubusercontent.com/PokeAPI/sprites/master/sprites/pokemon/210.png,2.4846938775510203
Qwilfish,211,88,39,5,308,water,poison,https://raw.githubusercontent.com/PokeAPI/sprites/master/sprites/pokemon/211.png,1.56
Scizor,212,175,1180,18,197,bug,steel,https://raw.githubusercontent.com/PokeAPI/sprites/master/sprites/pokemon/212.png,3.6419753086419755
Shuckle,213,177,205,6,309,bug,rock,https://raw.githubusercontent.com/PokeAPI/sprites/master/sprites/pokemon/213.png,5.694444444444445
Heracross,214,175,540,15,310,bug,fighting,https://raw.githubusercontent.com/PokeAPI/sprites/master/sprites/pokemon/214.png,2.4
Sneasel,215,86,280,9,312,dark,ice,https://raw.githubusercontent.com/PokeAPI/sprites/master/sprites/pokemon/215.png,3.45679012345679
Teddiursa,216,66,88,6,314,normal,,https://raw.githubusercontent.com/PokeAPI/sprites/master/sprites/pokemon/216.png,2.4444444444444446
Ursaring,217,175,1258,18,315,normal,,https://raw.githubusercontent.com/PokeAPI/sprites/master/sprites/pokemon/217.png,3.882716049382716
Slugma,218,50,350,7,316,fire,,https://raw.githubusercontent.com/PokeAPI/sprites/master/sprites/pokemon/218.png,7.142857142857143
Magcargo,219,151,550,8,317,fire,rock,https://raw.githubusercontent.com/PokeAPI/sprites/master/sprites/pokemon/219.png,8.59375
Swinub,220,50,65,4,318,ice,ground,https://raw.githubusercontent.com/PokeAPI/sprites/master/sprites/pokemon/220.png,4.0625
Piloswine,221,158,558,11,319,ice,ground,https://raw.githubusercontent.com/PokeAPI/sprites/master/sprites/pokemon/221.png,4.6115702479338845
Corsola,222,144,50,6,321,water,rock,https://raw.githubusercontent.com/PokeAPI/sprites/master/sprites/pokemon/222.png,1.3888888888888888
Remoraid,223,60,120,6,323,water,,https://raw.githubusercontent.com/PokeAPI/sprites/master/sprites/pokemon/223.png,3.3333333333333335
Octillery,224,168,285,9,324,water,,https://raw.githubusercontent.com/PokeAPI/sprites/master/sprites/pokemon/224.png,3.5185185185185186
Delibird,225,116,160,9,325,ice,flying,https://raw.githubusercontent.com/PokeAPI/sprites/master/sprites/pokemon/225.png,1.9753086419753085
Mantine,226,170,2200,21,327,water,flying,https://raw.githubusercontent.com/PokeAPI/sprites/master/sprites/pokemon/226.png,4.988662131519274
Skarmory,227,163,505,17,328,steel,flying,https://raw.githubusercontent.com/PokeAPI/sprites/master/sprites/pokemon/227.png,1.7474048442906573
Houndour,228,66,108,6,329,dark,fire,https://raw.githubusercontent.com/PokeAPI/sprites/master/sprites/pokemon/228.png,3.0
Houndoom,229,175,350,14,330,dark,fire,https://raw.githubusercontent.com/PokeAPI/sprites/master/sprites/pokemon/229.png,1.7857142857142858
Kingdra,230,270,1520,18,188,water,dragon,https://raw.githubusercontent.com/PokeAPI/sprites/master/sprites/pokemon/230.png,4.691358024691358
Phanpy,231,66,335,5,332,ground,,https://raw.githubusercontent.com/PokeAPI/sprites/master/sprites/pokemon/231.png,13.4
Donphan,232,175,1200,11,333,ground,,https://raw.githubusercontent.com/PokeAPI/sprites/master/sprites/pokemon/232.png,9.917355371900827
Porygon2,233,180,325,6,226,normal,,https://raw.githubusercontent.com/PokeAPI/sprites/master/sprites/pokemon/233.png,9.027777777777779
Stantler,234,163,712,14,334,normal,,https://raw.githubusercontent.com/PokeAPI/sprites/master/sprites/pokemon/234.png,3.63265306122449
Smeargle,235,88,580,12,335,normal,,https://raw.githubusercontent.com/PokeAPI/sprites/master/sprites/pokemon/235.png,4.027777777777778
Tyrogue,236,42,210,7,167,fighting,,https://raw.githubusercontent.com/PokeAPI/sprites/master/sprites/pokemon/236.png,4.285714285714286
Hitmontop,237,159,480,14,170,fighting,,https://raw.githubusercontent.com/PokeAPI/sprites/master/sprites/pokemon/237.png,2.4489795918367347
Smoochum,238,61,60,4,199,ice,psychic,https://raw.githubusercontent.com/PokeAPI/sprites/master/sprites/pokemon/238.png,3.75
Elekid,239,72,235,6,201,electric,,https://raw.githubusercontent.com/PokeAPI/sprites/master/sprites/pokemon/239.png,6.527777777777778
Magby,240,73,214,7,204,fire,,https://raw.githubusercontent.com/PokeAPI/sprites/master/sprites/pokemon/240.png,4.36734693877551
Miltank,241,172,755,12,336,normal,,https://raw.githubusercontent.com/PokeAPI/sprites/master/sprites/pokemon/241.png,5.243055555555555
Blissey,242,635,468,15,181,normal,,https://raw.githubusercontent.com/PokeAPI/sprites/master/sprites/pokemon/242.png,2.08
Raikou,243,290,1780,19,337,electric,,https://raw.githubusercontent.com/PokeAPI/sprites/master/sprites/pokemon/243.png,4.930747922437673
Entei,244,290,1980,21,338,fire,,https://raw.githubusercontent.com/PokeAPI/sprites/master/sprites/pokemon/244.png,4.489795918367347
Suicune,245,290,1870,20,339,water,,https://raw.githubusercontent.com/PokeAPI/sprites/master/sprites/pokemon/245.png,4.675
Larvitar,246,60,720,6,340,rock,ground,https://raw.githubusercontent.com/PokeAPI/sprites/master/sprites/pokemon/246.png,20.0
Pupitar,247,144,1520,12,341,rock,ground,https://raw.githubusercontent.com/PokeAPI/sprites/master/sprites/pokemon/247.png,10.555555555555555
Tyranitar,248,300,2020,20,342,rock,dark,https://raw.githubusercontent.com/PokeAPI/sprites/master/sprites/pokemon/248.png,5.05
Lugia,249,340,2160,52,344,psychic,flying,https://raw.githubusercontent.com/PokeAPI/sprites/master/sprites/pokemon/249.png,0.7988165680473372
Ho-Oh,250,340,1990,38,345,fire,flying,https://raw.githubusercontent.com/PokeAPI/sprites/master/sprites/pokemon/250.png,1.3781163434903048
Celebi,251,300,50,6,346,psychic,grass,https://raw.githubusercontent.com/PokeAPI/sprites/master/sprites/pokemon/251.png,1.3888888888888888
Treecko,252,62,50,5,347,grass,,https://raw.githubusercontent.com/PokeAPI/sprites/master/sprites/pokemon/252.png,2.0
Grovyle,253,142,216,9,348,grass,,https://raw.githubusercontent.com/PokeAPI/sprites/master/sprites/pokemon/253.png,2.6666666666666665
Sceptile,254,265,522,17,349,grass,,https://raw.githubusercontent.com/PokeAPI/sprites/master/sprites/pokemon/254.png,1.806228373702422
Torchic,255,62,25,4,351,fire,,https://raw.githubusercontent.com/PokeAPI/sprites/master/sprites/pokemon/255.png,1.5625
Combusken,256,142,195,9,352,fire,fighting,https://raw.githubusercontent.com/PokeAPI/sprites/master/sprites/pokemon/256.png,2.4074074074074074
Blaziken,257,265,520,19,353,fire,fighting,https://raw.githubusercontent.com/PokeAPI/sprites/master/sprites/pokemon/257.png,1.440443213296399
Mudkip,258,62,76,4,355,water,,https://raw.githubusercontent.com/PokeAPI/sprites/master/sprites/pokemon/258.png,4.75
Marshtomp,259,142,280,7,356,water,ground,https://raw.githubusercontent.com/PokeAPI/sprites/master/sprites/pokemon/259.png,5.714285714285714
Swampert,260,268,819,15,357,water,ground,https://raw.githubusercontent.com/PokeAPI/sprites/master/sprites/pokemon/260.png,3.64
Poochyena,261,56,136,5,359,dark,,https://raw.githubusercontent.com/PokeAPI/sprites/master/sprites/pokemon/261.png,5.44
Mightyena,262,147,370,10,360,dark,,https://raw.githubusercontent.com/PokeAPI/sprites/master/sprites/pokemon/262.png,3.7
Zigzagoon,263,56,175,4,361,normal,,https://raw.githubusercontent.com/PokeAPI/sprites/master/sprites/pokemon/263.png,10.9375
Linoone,264,147,325,5,363,normal,,https://raw.githubusercontent.com/PokeAPI/sprites/master/sprites/pokemon/264.png,13.0
Wurmple,265,56,36,3,365,bug,,https://raw.githubusercontent.com/PokeAPI/sprites/master/sprites/pokemon/265.png,4.0
Silcoon,266,72,100,6,366,bug,,https://raw.githubusercontent.com/PokeAPI/sprites/master/sprites/pokemon/266.png,2.7777777777777777
Beautifly,267,178,284,10,367,bug,flying,https://raw.githubusercontent.com/PokeAPI/sprites/master/sprites/pokemon/267.png,2.84
Cascoon,268,72,115,7,368,bug,,https://raw.githubusercontent.com/PokeAPI/sprites/master/sprites/pokemon/268.png,2.3469387755102042
Dustox,269,173,316,12,369,bug,poison,https://raw.githubusercontent.com/PokeAPI/sprites/master/sprites/pokemon/269.png,2.1944444444444446
Lotad,270,44,26,5,370,water,grass,https://raw.githubusercontent.com/PokeAPI/sprites/master/sprites/pokemon/270.png,1.04
Lombre,271,119,325,12,371,water,grass,https://raw.githubusercontent.com/PokeAPI/sprites/master/sprites/pokemon/271.png,2.2569444444444446
Ludicolo,272,240,550,15,372,water,grass,https://raw.githubusercontent.com/PokeAPI/sprites/master/sprites/pokemon/272.png,2.4444444444444446
Seedot,273,44,40,5,373,grass,,https://raw.githubusercontent.com/PokeAPI/sprites/master/sprites/pokemon/273.png,1.6
Nuzleaf,274,119,280,10,374,grass,dark,https://raw.githubusercontent.com/PokeAPI/sprites/master/sprites/pokemon/274.png,2.8
Shiftry,275,240,596,13,375,grass,dark,https://raw.githubusercontent.com/PokeAPI/sprites/master/sprites/pokemon/275.png,3.526627218934911
Taillow,276,54,23,3,376,normal,flying,https://raw.githubusercontent.com/PokeAPI/sprites/master/sprites/pokemon/276.png,2.5555555555555554
Swellow,277,159,198,7,377,normal,flying,https://raw.githubusercontent.com/PokeAPI/sprites/master/sprites/pokemon/277.png,4.040816326530612
Wingull,278,54,95,6,378,water,flying,https://raw.githubusercontent.com/PokeAPI/sprites/master/sprites/pokemon/278.png,2.638888888888889
Pelipper,279,154,280,12,379,water,flying,https://raw.githubusercontent.com/PokeAPI/sprites/master/sprites/pokemon/279.png,1.9444444444444444
Ralts,280,40,66,4,380,psychic,fairy,https://raw.githubusercontent.com/PokeAPI/sprites/master/sprites/pokemon/280.png,4.125
Kirlia,281,97,202,8,381,psychic,fairy,https://raw.githubusercontent.com/PokeAPI/sprites/master/sprites/pokemon/281.png,3.15625
Gardevoir,282,259,484,16,382,psychic,fairy,https://raw.githubusercontent.com/PokeAPI/sprites/master/sprites/pokemon/282.png,1.890625
Surskit,283,54,17,5,386,bug,water,https://raw.githubusercontent.com/PokeAPI/sprites/master/sprites/pokemon/283.png,0.68
Masquerain,284,159,36,8,387,bug,flying,https://raw.githubusercontent.com/PokeAPI/sprites/master/sprites/pokemon/284.png,0.5625
Shroomish,285,59,45,4,388,grass,,https://raw.githubusercontent.com/PokeAPI/sprites/master/sprites/pokemon/285.png,2.8125
Breloom,286,161,392,12,389,grass,fighting,https://raw.githubusercontent.com/PokeAPI/sprites/master/sprites/pokemon/286.png,2.7222222222222223
Slakoth,287,56,240,8,390,normal,,https://raw.githubusercontent.com/PokeAPI/sprites/master/sprites/pokemon/287.png,3.75
Vigoroth,288,154,465,14,391,normal,,https://raw.githubusercontent.com/PokeAPI/sprites/master/sprites/pokemon/288.png,2.372448979591837
Slaking,289,252,1305,20,392,normal,,https://raw.githubusercontent.com/PokeAPI/sprites/master/sprites/pokemon/289.png,3.2625
Nincada,290,53,55,5,393,bug,ground,https://raw.githubusercontent.com/PokeAPI/sprites/master/sprites/pokemon/290.png,2.2
Ninjask,291,160,120,8,394,bug,flying,https://raw.githubusercontent.com/PokeAPI/sprites/master/sprites/pokemon/291.png,1.875
Shedinja,292,83,12,8,395,bug,ghost,https://raw.githubusercontent.com/PokeAPI/sprites/master/sprites/pokemon/292.png,0.1875
Whismur,293,48,163,6,396,normal,,https://raw.githubusercontent.com/PokeAPI/sprites/master/sprites/pokemon/293.png,4.527777777777778
Loudred,294,126,405,10,397,normal,,https://raw.githubusercontent.com/PokeAPI/sprites/master/sprites/pokemon/294.png,4.05
Exploud,295,245,840,15,398,normal,,https://raw.githubusercontent.com/PokeAPI/sprites/master/sprites/pokemon/295.png,3.7333333333333334
Makuhita,296,47,864,10,399,fighting,,https://raw.githubusercontent.com/PokeAPI/sprites/master/sprites/pokemon/296.png,8.64
Hariyama,297,166,2538,23,400,fighting,,https://raw.githubusercontent.com/PokeAPI/sprites/master/sprites/pokemon/297.png,4.79773156899811
Azurill,298,38,20,2,277,normal,fairy,https://raw.githubusercontent.com/PokeAPI/sprites/master/sprites/pokemon/298.png,5.0
Nosepass,299,75,970,10,401,rock,,https://raw.githubusercontent.com/PokeAPI/sprites/master/sprites/pokemon/299.png,9.7
Skitty,300,52,110,6,403,normal,,https://raw.githubusercontent.com/PokeAPI/sprites/master/sprites/pokemon/300.png,3.0555555555555554
Delcatty,301,140,326,11,404,normal,,https://raw.githubusercontent.com/PokeAPI/sprites/master/sprites/pokemon/301.png,2.6942148760330578
Sableye,302,133,110,5,405,dark,ghost,https://raw.githubusercontent.com/PokeAPI/sprites/master/sprites/pokemon/302.png,4.4
Mawile,303,133,115,6,407,steel,fairy,https://raw.githubusercontent.com/PokeAPI/sprites/master/sprites/pokemon/303.png,3.1944444444444446
Aron,304,66,600,4,409,steel,rock,https://raw.githubusercontent.com/PokeAPI/sprites/master/sprites/pokemon/304.png,37.5
Lairon,305,151,1200,9,410,steel,rock,https://raw.githubusercontent.com/PokeAPI/sprites/master/sprites/pokemon/305.png,14.814814814814815
Aggron,306,265,3600,21,411,steel,rock,https://raw.githubusercontent.com/PokeAPI/sprites/master/sprites/pokemon/306.png,8.16326530612245
Meditite,307,56,112,6,413,fighting,psychic,https://raw.githubusercontent.com/PokeAPI/sprites/master/sprites/pokemon/307.png,3.111111111111111
Medicham,308,144,315,13,414,fighting,psychic,https://raw.githubusercontent.com/PokeAPI/sprites/master/sprites/pokemon/308.png,1.863905325443787
Electrike,309,59,152,6,416,electric,,https://raw.githubusercontent.com/PokeAPI/sprites/master/sprites/pokemon/309.png,4.222222222222222
Manectric,310,166,402,15,417,electric,,https://raw.githubusercontent.com/PokeAPI/sprites/master/sprites/pokemon/310.png,1.7866666666666666
Plusle,311,142,42,4,419,electric,,https://raw.githubusercontent.com/PokeAPI/sprites/master/sprites/pokemon/311.png,2.625
Minun,312,142,42,4,420,electric,,https://raw.githubusercontent.com/PokeAPI/sprites/master/sprites/pokemon/312.png,2.625
Volbeat,313,151,177,7,421,bug,,https://raw.githubusercontent.com/PokeAPI/sprites/master/sprites/pokemon/313.png,3.6122448979591835
Illumise,314,151,177,6,422,bug,,https://raw.githubusercontent.com/PokeAPI/sprites/master/sprites/pokemon/314.png,4.916666666666667
Roselia,315,140,20,3,424,grass,poison,https://raw.githubusercontent.com/PokeAPI/sprites/master/sprites/pokemon/315.png,2.2222222222222223
Gulpin,316,60,103,4,426,poison,,https://raw.githubusercontent.com/PokeAPI/sprites/master/sprites/pokemon/316.png,6.4375
Swalot,317,163,800,17,427,poison,,https://raw.githubusercontent.com/PokeAPI/sprites/master/sprites/pokemon/317.png,2.7681660899653977
Carvanha,318,61,208,8,428,water,dark,https://raw.githubusercontent.com/PokeAPI/sprites/master/sprites/pokemon/318.png,3.25
Sharpedo,319,161,888,18,429,water,dark,https://raw.githubusercontent.com/PokeAPI/sprites/master/sprites/pokemon/319.png,2.740740740740741
Wailmer,320,80,1300,20,431,water,,https://raw.githubusercontent.com/PokeAPI/sprites/master/sprites/pokemon/320.png,3.25
Wailord,321,175,3980,145,432,water,,https://raw.githubusercontent.com/PokeAPI/sprites/master/sprites/pokemon/321.png,0.18929845422116529
Numel,322,61,240,7,433,fire,ground,https://raw.githubusercontent.com/PokeAPI/sprites/master/sprites/pokemon/322.png,4.8979591836734695
Camerupt,323,161,2200,19,434,fire,ground,https://raw.githubusercontent.com/PokeAPI/sprites/master/sprites/pokemon/323.png,6.094182825484765
Torkoal,324,165,804,5,436,fire,,https://raw.githubusercontent.com/PokeAPI/sprites/master/sprites/pokemon/324.png,32.16
Spoink,325,66,306,7,437,psychic,,https://raw.githubusercontent.com/PokeAPI/sprites/master/sprites/pokemon/325.png,6.244897959183674
Grumpig,326,165,715,9,438,psychic,,https://raw.githubusercontent.com/PokeAPI/sprites/master/sprites/pokemon/326.png,8.82716049382716
Spinda,327,126,50,11,439,normal,,https://raw.githubusercontent.com/PokeAPI/sprites/master/sprites/pokemon/327.png,0.4132231404958678
Trapinch,328,58,150,7,440,ground,,https://raw.githubusercontent.com/PokeAPI/sprites/master/sprites/pokemon/328.png,3.061224489795918
Vibrava,329,119,153,11,441,ground,dragon,https://raw.githubusercontent.com/PokeAPI/sprites/master/sprites/pokemon/329.png,1.2644628099173554
Flygon,330,260,820,20,442,ground,dragon,https://raw.githubusercontent.com/PokeAPI/sprites/master/sprites/pokemon/330.png,2.05
Cacnea,331,67,513,4,443,grass,,https://raw.githubusercontent.com/PokeAPI/sprites/master/sprites/pokemon/331.png,32.0625
Cacturne,332,166,774,13,444,grass,dark,https://raw.githubusercontent.com/PokeAPI/sprites/master/sprites/pokemon/332.png,4.579881656804734
Swablu,333,62,12,4,445,normal,flying,https://raw.githubusercontent.com/PokeAPI/sprites/master/sprites/pokemon/333.png,0.75
Altaria,334,172,206,11,446,dragon,flying,https://raw.githubusercontent.com/PokeAPI/sprites/master/sprites/pokemon/334.png,1.7024793388429753
Zangoose,335,160,403,13,448,normal,,https://raw.githubusercontent.com/PokeAPI/sprites/master/sprites/pokemon/335.png,2.3846153846153846
Seviper,336,160,525,27,449,poison,,https://raw.githubusercontent.com/PokeAPI/sprites/master/sprites/pokemon/336.png,0.720164609053498
Lunatone,337,161,1680,10,450,rock,psychic,https://raw.githubusercontent.com/PokeAPI/sprites/master/sprites/pokemon/337.png,16.8
Solrock,338,161,1540,12,451,rock,psychic,https://raw.githubusercontent.com/PokeAPI/sprites/master/sprites/pokemon/338.png,10.694444444444445
Barboach,339,58,19,4,452,water,ground,https://raw.githubusercontent.com/PokeAPI/sprites/master/sprites/pokemon/339.png,1.1875
Whiscash,340,164,236,9,453,water,ground,https://raw.githubusercontent.com/PokeAPI/sprites/master/sprites/pokemon/340.png,2.9135802469135803
Corphish,341,62,115,6,454,water,,https://raw.githubusercontent.com/PokeAPI/sprites/master/sprites/pokemon/341.png,3.1944444444444446
Crawdaunt,342,164,328,11,455,water,dark,https://raw.githubusercontent.com/PokeAPI/sprites/master/sprites/pokemon/342.png,2.7107438016528924
Baltoy,343,60,215,5,456,ground,psychic,https://raw.githubusercontent.com/PokeAPI/sprites/master/sprites/pokemon/343.png,8.6
Claydol,344,175,1080,15,457,ground,psychic,https://raw.githubusercontent.com/PokeAPI/sprites/master/sprites/pokemon/344.png,4.8
Lileep,345,71,238,10,458,rock,grass,https://raw.githubusercontent.com/PokeAPI/sprites/master/sprites/pokemon/345.png,2.38
Cradily,346,173,604,15,459,rock,grass,https://raw.githubusercontent.com/PokeAPI/sprites/master/sprites/pokemon/346.png,2.6844444444444444
Anorith,347,71,125,7,460,rock,bug,https://raw.githubusercontent.com/PokeAPI/sprites/master/sprites/pokemon/347.png,2.5510204081632653
Armaldo,348,173,682,15,461,rock,bug,https://raw.githubusercontent.com/PokeAPI/sprites/master/sprites/pokemon/348.png,3.031111111111111
Feebas,349,40,74,6,462,water,,https://raw.githubusercontent.com/PokeAPI/sprites/master/sprites/pokemon/349.png,2.0555555555555554
Milotic,350,189,1620,62,463,water,,https://raw.githubusercontent.com/PokeAPI/sprites/master/sprites/pokemon/350.png,0.4214360041623309
Castform,351,147,8,3,464,normal,,https://raw.githubusercontent.com/PokeAPI/sprites/master/sprites/pokemon/351.png,0.8888888888888888
Kecleon,352,154,220,10,468,normal,,https://raw.githubusercontent.com/PokeAPI/sprites/master/sprites/pokemon/352.png,2.2
Shuppet,353,59,23,6,469,ghost,,https://raw.githubusercontent.com/PokeAPI/sprites/master/sprites/pokemon/353.png,0.6388888888888888
Banette,354,159,125,11,470,ghost,,https://raw.githubusercontent.com/PokeAPI/sprites/master/sprites/pokemon/354.png,1.0330578512396693
Duskull,355,59,150,8,472,ghost,,https://raw.githubusercontent.com/PokeAPI/sprites/master/sprites/pokemon/355.png,2.34375
Dusclops,356,159,306,16,473,ghost,,https://raw.githubusercontent.com/PokeAPI/sprites/master/sprites/pokemon/356.png,1.1953125
Tropius,357,161,1000,20,475,grass,flying,https://raw.githubusercontent.com/PokeAPI/sprites/master/sprites/pokemon/357.png,2.5
Chimecho,358,159,10,6,477,psychic,,https://raw.githubusercontent.com/PokeAPI/sprites/master/sprites/pokemon/358.png,0.2777777777777778
Absol,359,163,470,12,478,dark,,https://raw.githubusercontent.com/PokeAPI/sprites/master/sprites/pokemon/359.png,3.263888888888889
Wynaut,360,52,140,6,298,psychic,,https://raw.githubusercontent.com/PokeAPI/sprites/master/sprites/pokemon/360.png,3.888888888888889
Snorunt,361,60,168,7,480,ice,,https://raw.githubusercontent.com/PokeAPI/sprites/master/sprites/pokemon/361.png,3.4285714285714284
Glalie,362,168,2565,15,481,ice,,https://raw.githubusercontent.com/PokeAPI/sprites/master/sprites/pokemon/362.png,11.4
Spheal,363,58,395,8,484,ice,water,https://raw.githubusercontent.com/PokeAPI/sprites/master/sprites/pokemon/363.png,6.171875
Sealeo,364,144,876,11,485,ice,water,https://raw.githubusercontent.com/PokeAPI/sprites/master/sprites/pokemon/364.png,7.239669421487603
Walrein,365,265,1506,14,486,ice,water,https://raw.githubusercontent.com/PokeAPI/sprites/master/sprites/pokemon/365.png,7.683673469387755
Clamperl,366,69,525,4,487,water,,https://raw.githubusercontent.com/PokeAPI/sprites/master/sprites/pokemon/366.png,32.8125
Huntail,367,170,270,17,488,water,,https://raw.githubusercontent.com/PokeAPI/sprites/master/sprites/pokemon/367.png,0.9342560553633218
Gorebyss,368,170,226,18,489,water,,https://raw.githubusercontent.com/PokeAPI/sprites/master/sprites/pokemon/368.png,0.6975308641975309
Relicanth,369,170,234,10,490,water,rock,https://raw.githubusercontent.com/PokeAPI/sprites/master/sprites/pokemon/369.png,2.34
Luvdisc,370,116,87,6,491,water,,https://raw.githubusercontent.com/PokeAPI/sprites/master/sprites/pokemon/370.png,2.4166666666666665
Bagon,371,60,421,6,492,dragon,,https://raw.githubusercontent.com/PokeAPI/sprites/master/sprites/pokemon/371.png,11.694444444444445
Shelgon,372,147,1105,11,493,dragon,,https://raw.githubusercontent.com/PokeAPI/sprites/master/sprites/pokemon/372.png,9.132231404958677
Salamence,373,300,1026,15,494,dragon,flying,https://raw.githubusercontent.com/PokeAPI/sprites/master/sprites/pokemon/373.png,4.56
Beldum,374,60,952,6,496,steel,psychic,https://raw.githubusercontent.com/PokeAPI/sprites/master/sprites/pokemon/374.png,26.444444444444443
Metang,375,147,2025,12,497,steel,psychic,https://raw.githubusercontent.com/PokeAPI/sprites/master/sprites/pokemon/375.png,14.0625
Metagross,376,300,5500,16,498,steel,psychic,https://raw.githubusercontent.com/PokeAPI/sprites/master/sprites/pokemon/376.png,21.484375
Regirock,377,290,2300,17,500,rock,,https://raw.githubusercontent.com/PokeAPI/sprites/master/sprites/pokemon/377.png,7.958477508650519
Regice,378,290,1750,18,501,ice,,https://raw.githubusercontent.com/PokeAPI/sprites/master/sprites/pokemon/378.png,5.401234567901234
Registeel,379,290,2050,19,502,steel,,https://raw.githubusercontent.com/PokeAPI/sprites/master/sprites/pokemon/379.png,5.678670360110804
Latias,380,300,400,14,503,dragon,psychic,https://raw.githubusercontent.com/PokeAPI/sprites/master/sprites/pokemon/380.png,2.0408163265306123
Latios,381,300,600,20,505,dragon,psychic,https://raw.githubusercontent.com/PokeAPI/sprites/master/sprites/pokemon/381.png,1.5
Kyogre,382,335,3520,45,507,water,,https://raw.githubusercontent.com/PokeAPI/sprites/master/sprites/pokemon/382.png,1.7382716049382716
Groudon,383,335,9500,35,509,ground,,https://raw.githubusercontent.com/PokeAPI/sprites/master/sprites/pokemon/383.png,7.755102040816326
Rayquaza,384,340,2065,70,511,dragon,flying,https://raw.githubusercontent.com/PokeAPI/sprites/master/sprites/pokemon/384.png,0.42142857142857143
Jirachi,385,300,11,3,513,steel,psychic,https://raw.githubusercontent.com/PokeAPI/sprites/master/sprites/pokemon/385.png,1.2222222222222223
Deoxys-Normal,386,270,608,17,514,psychic,,https://raw.githubusercontent.com/PokeAPI/sprites/master/sprites/pokemon/386.png,2.1038062283737022
Turtwig,387,64,102,4,518,grass,,https://raw.githubusercontent.com/PokeAPI/sprites/master/sprites/pokemon/387.png,6.375
Grotle,388,142,970,11,519,grass,,https://raw.githubusercontent.com/PokeAPI/sprites/master/sprites/pokemon/388.png,8.016528925619834
Torterra,389,236,3100,22,520,grass,ground,https://raw.githubusercontent.com/PokeAPI/sprites/master/sprites/pokemon/389.png,6.404958677685951
Chimchar,390,62,62,5,521,fire,,https://raw.githubusercontent.com/PokeAPI/sprites/master/sprites/pokemon/390.png,2.48
Monferno,391,142,220,9,522,fire,fighting,https://raw.githubusercontent.com/PokeAPI/sprites/master/sprites/pokemon/391.png,2.7160493827160495
Infernape,392,240,550,12,523,fire,fighting,https://raw.githubusercontent.com/PokeAPI/sprites/master/sprites/pokemon/392.png,3.8194444444444446
Piplup,393,63,52,4,524,water,,https://raw.githubusercontent.com/PokeAPI/sprites/master/sprites/pokemon/393.png,3.25
Prinplup,394,142,230,8,525,water,,https://raw.githubusercontent.com/PokeAPI/sprites/master/sprites/pokemon/394.png,3.59375
Empoleon,395,239,845,17,526,water,steel,https://raw.githubusercontent.com/PokeAPI/sprites/master/sprites/pokemon/395.png,2.9238754325259517
Starly,396,49,20,3,527,normal,flying,https://raw.githubusercontent.com/PokeAPI/sprites/master/sprites/pokemon/396.png,2.2222222222222223
Staravia,397,119,155,6,528,normal,flying,https://raw.githubusercontent.com/PokeAPI/sprites/master/sprites/pokemon/397.png,4.305555555555555
Staraptor,398,218,249,12,529,normal,flying,https://raw.githubusercontent.com/PokeAPI/sprites/master/sprites/pokemon/398.png,1.7291666666666667
Bidoof,399,50,200,5,530,normal,,https://raw.githubusercontent.com/PokeAPI/sprites/master/sprites/pokemon/399.png,8.0
Bibarel,400,144,315,10,531,normal,water,https://raw.githubusercontent.com/PokeAPI/sprites/master/sprites/pokemon/400.png,3.15
Kricketot,401,39,22,3,532,bug,,https://raw.githubusercontent.com/PokeAPI/sprites/master/sprites/pokemon/401.png,2.4444444444444446
Kricketune,402,134,255,10,533,bug,,https://raw.githubusercontent.com/PokeAPI/sprites/master/sprites/pokemon/402.png,2.55
Shinx,403,53,95,5,534,electric,,https://raw.githubusercontent.com/PokeAPI/sprites/master/sprites/pokemon/403.png,3.8
Luxio,404,127,305,9,535,electric,,https://raw.githubusercontent.com/PokeAPI/sprites/master/sprites/pokemon/404.png,3.765432098765432
Luxray,405,262,420,14,536,electric,,https://raw.githubusercontent.com/PokeAPI/sprites/master/sprites/pokemon/405.png,2.142857142857143
Budew,406,56,12,2,423,grass,poison,https://raw.githubusercontent.com/PokeAPI/sprites/master/sprites/pokemon/406.png,3.0
Roserade,407,258,145,9,425,grass,poison,https://raw.githubusercontent.com/PokeAPI/sprites/master/sprites/pokemon/407.png,1.7901234567901234
Cranidos,408,70,315,9,537,rock,,https://raw.githubusercontent.com/PokeAPI/sprites/master/sprites/pokemon/408.png,3.888888888888889
Rampardos,409,173,1025,16,538,rock,,https://raw.githubusercontent.com/PokeAPI/sprites/master/sprites/pokemon/409.png,4.00390625
Shieldon,410,70,570,5,539,rock,steel,https://raw.githubusercontent.com/PokeAPI/sprites/master/sprites/pokemon/410.png,22.8
Bastiodon,411,173,1495,13,540,rock,steel,https://raw.githubusercontent.com/PokeAPI/sprites/master/sprites/pokemon/411.png,8.846153846153847
Burmy,412,45,34,2,541,bug,,https://raw.githubusercontent.com/PokeAPI/sprites/master/sprites/pokemon/412.png,8.5
Wormadam-Plant,413,148,65,5,542,bug,grass,https://raw.githubusercontent.com/PokeAPI/sprites/master/sprites/pokemon/413.png,2.6
Mothim,414,148,233,9,545,bug,flying,https://raw.githubusercontent.com/PokeAPI/sprites/master/sprites/pokemon/414.png,2.876543209876543
Combee,415,49,55,3,546,bug,flying,https://raw.githubusercontent.com/PokeAPI/sprites/master/sprites/pokemon/415.png,6.111111111111111
Vespiquen,416,166,385,12,547,bug,flying,https://raw.githubusercontent.com/PokeAPI/sprites/master/sprites/pokemon/416.png,2.673611111111111
Pachirisu,417,142,39,4,548,electric,,https://raw.githubusercontent.com/PokeAPI/sprites/master/sprites/pokemon/417.png,2.4375
Buizel,418,66,295,7,549,water,,https://raw.githubusercontent.com/PokeAPI/sprites/master/sprites/pokemon/418.png,6.020408163265306
Floatzel,419,173,335,11,550,water,,https://raw.githubusercontent.com/PokeAPI/sprites/master/sprites/pokemon/419.png,2.768595041322314
Cherubi,420,55,33,4,551,grass,,https://raw.githubusercontent.com/PokeAPI/sprites/master/sprites/pokemon/420.png,2.0625
Cherrim,421,158,93,5,552,grass,,https://raw.githubusercontent.com/PokeAPI/sprites/master/sprites/pokemon/421.png,3.72
Shellos,422,65,63,3,553,water,,https://raw.githubusercontent.com/PokeAPI/sprites/master/sprites/pokemon/422.png,7.0
Gastrodon,423,166,299,9,554,water,ground,https://raw.githubusercontent.com/PokeAPI/sprites/master/sprites/pokemon/423.png,3.691358024691358
Ambipom,424,169,203,12,286,normal,,https://raw.githubusercontent.com/PokeAPI/sprites/master/sprites/pokemon/424.png,1.4097222222222223
Drifloon,425,70,12,4,555,ghost,flying,https://raw.githubusercontent.com/PokeAPI/sprites/master/sprites/pokemon/425.png,0.75
Drifblim,426,174,150,12,556,ghost,flying,https://raw.githubusercontent.com/PokeAPI/sprites/master/sprites/pokemon/426.png,1.0416666666666667
Buneary,427,70,55,4,557,normal,,https://raw.githubusercontent.com/PokeAPI/sprites/master/sprites/pokemon/427.png,3.4375
Lopunny,428,168,333,12,558,normal,,https://raw.githubusercontent.com/PokeAPI/sprites/master/sprites/pokemon/428.png,2.3125
Mismagius,429,173,44,9,296,ghost,,https://raw.githubusercontent.com/PokeAPI/sprites/master/sprites/pokemon/429.png,0.5432098765432098
Honchkrow,430,177,273,9,294,dark,flying,https://raw.githubusercontent.com/PokeAPI/sprites/master/sprites/pokemon/430.png,3.3703703703703702
Glameow,431,62,39,5,560,normal,,https://raw.githubusercontent.com/PokeAPI/sprites/master/sprites/pokemon/431.png,1.56
Purugly,432,158,438,10,561,normal,,https://raw.githubusercontent.com/PokeAPI/sprites/master/sprites/pokemon/432.png,4.38
Chingling,433,57,6,2,476,psychic,,https://raw.githubusercontent.com/PokeAPI/sprites/master/sprites/pokemon/433.png,1.5
Stunky,434,66,192,4,562,poison,dark,https://raw.githubusercontent.com/PokeAPI/sprites/master/sprites/pokemon/434.png,12.0
Skuntank,435,168,380,10,563,poison,dark,https://raw.githubusercontent.com/PokeAPI/sprites/master/sprites/pokemon/435.png,3.8
Bronzor,436,60,605,5,564,steel,psychic,https://raw.githubusercontent.com/PokeAPI/sprites/master/sprites/pokemon/436.png,24.2
Bronzong,437,175,1870,13,565,steel,psychic,https://raw.githubusercontent.com/PokeAPI/sprites/master/sprites/pokemon/437.png,11.065088757396449
Bonsly,438,58,150,5,280,rock,,https://raw.githubusercontent.com/PokeAPI/sprites/master/sprites/pokemon/438.png,6.0
Mime-Jr,439,62,130,6,193,psychic,fairy,https://raw.githubusercontent.com/PokeAPI/sprites/master/sprites/pokemon/439.png,3.611111111111111
Happiny,440,110,244,6,179,normal,,https://raw.githubusercontent.com/PokeAPI/sprites/master/sprites/pokemon/440.png,6.777777777777778
Chatot,441,144,19,5,566,normal,flying,https://raw.githubusercontent.com/PokeAPI/sprites/master/sprites/pokemon/441.png,0.76
Spiritomb,442,170,1080,10,567,ghost,dark,https://raw.githubusercontent.com/PokeAPI/sprites/master/sprites/pokemon/442.png,10.8
Gible,443,60,205,7,568,dragon,ground,https://raw.githubusercontent.com/PokeAPI/sprites/master/sprites/pokemon/443.png,4.183673469387755
Gabite,444,144,560,14,569,dragon,ground,https://raw.githubusercontent.com/PokeAPI/sprites/master/sprites/pokemon/444.png,2.857142857142857
Garchomp,445,300,950,19,570,dragon,ground,https://raw.githubusercontent.com/PokeAPI/sprites/master/sprites/pokemon/445.png,2.6315789473684212
Munchlax,446,78,1050,6,234,normal,,https://raw.githubusercontent.com/PokeAPI/sprites/master/sprites/pokemon/446.png,29.166666666666668
Riolu,447,57,202,7,572,fighting,,https://raw.githubusercontent.com/PokeAPI/sprites/master/sprites/pokemon/447.png,4.122448979591836
Lucario,448,184,540,12,573,fighting,steel,https://raw.githubusercontent.com/PokeAPI/sprites/master/sprites/pokemon/448.png,3.75
Hippopotas,449,66,495,8,575,ground,,https://raw.githubusercontent.com/PokeAPI/sprites/master/sprites/pokemon/449.png,7.734375
Hippowdon,450,184,3000,20,576,ground,,https://raw.githubusercontent.com/PokeAPI/sprites/master/sprites/pokemon/450.png,7.5
Skorupi,451,66,120,8,577,poison,bug,https://raw.githubusercontent.com/PokeAPI/sprites/master/sprites/pokemon/451.png,1.875
Drapion,452,175,615,13,578,poison,dark,https://raw.githubusercontent.com/PokeAPI/sprites/master/sprites/pokemon/452.png,3.63905325443787
Croagunk,453,60,230,7,579,poison,fighting,https://raw.githubusercontent.com/PokeAPI/sprites/master/sprites/pokemon/453.png,4.6938775510204085
Toxicroak,454,172,444,13,580,poison,fighting,https://raw.githubusercontent.com/PokeAPI/sprites/master/sprites/pokemon/454.png,2.6272189349112427
Carnivine,455,159,270,14,581,grass,,https://raw.githubusercontent.com/PokeAPI/sprites/master/sprites/pokemon/455.png,1.3775510204081634
Finneon,456,66,70,4,582,water,,https://raw.githubusercontent.com/PokeAPI/sprites/master/sprites/pokemon/456.png,4.375
Lumineon,457,161,240,12,583,water,,https://raw.githubusercontent.com/PokeAPI/sprites/master/sprites/pokemon/457.png,1.6666666666666667
Mantyke,458,69,650,10,326,water,flying,https://raw.githubusercontent.com/PokeAPI/sprites/master/sprites/pokemon/458.png,6.5
Snover,459,67,505,10,584,grass,ice,https://raw.githubusercontent.com/PokeAPI/sprites/master/sprites/pokemon/459.png,5.05
Abomasnow,460,173,1355,22,585,grass,ice,https://raw.githubusercontent.com/PokeAPI/sprites/master/sprites/pokemon/460.png,2.799586776859504
Weavile,461,179,340,11,313,dark,ice,https://raw.githubusercontent.com/PokeAPI/sprites/master/sprites/pokemon/461.png,2.809917355371901
Magnezone,462,268,1800,12,134,electric,steel,https://raw.githubusercontent.com/PokeAPI/sprites/master/sprites/pokemon/462.png,12.5
Lickilicky,463,180,1400,17,172,normal,,https://raw.githubusercontent.com/PokeAPI/sprites/master/sprites/pokemon/463.png,4.844290657439446
Rhyperior,464,268,2828,24,178,ground,rock,https://raw.githubusercontent.com/PokeAPI/sprites/master/sprites/pokemon/464.png,4.909722222222222
Tangrowth,465,187,1286,20,183,grass,,https://raw.githubusercontent.com/PokeAPI/sprites/master/sprites/pokemon/465.png,3.215
Electivire,466,270,1386,18,203,electric,,https://raw.githubusercontent.com/PokeAPI/sprites/master/sprites/pokemon/466.png,4.277777777777778
Magmortar,467,270,680,16,206,fire,,https://raw.githubusercontent.com/PokeAPI/sprites/master/sprites/pokemon/467.png,2.65625
Togekiss,468,273,380,15,270,fairy,flying,https://raw.githubusercontent.com/PokeAPI/sprites/master/sprites/pokemon/468.png,1.6888888888888889
Yanmega,469,180,515,19,290,bug,flying,https://raw.githubusercontent.com/PokeAPI/sprites/master/sprites/pokemon/469.png,1.4265927977839334
Leafeon,470,184,255,10,222,grass,,https://raw.githubusercontent.com/PokeAPI/sprites/master/sprites/pokemon/470.png,2.55
Glaceon,471,184,259,8,223,ice,,https://raw.githubusercontent.com/PokeAPI/sprites/master/sprites/pokemon/471.png,4.046875
Gliscor,472,179,425,20,305,ground,flying,https://raw.githubusercontent.com/PokeAPI/sprites/master/sprites/pokemon/472.png,1.0625
Mamoswine,473,265,2910,25,320,ice,ground,https://raw.githubusercontent.com/PokeAPI/sprites/master/sprites/pokemon/473.png,4.656
Porygon-Z,474,268,340,9,227,normal,,https://raw.githubusercontent.com/PokeAPI/sprites/master/sprites/pokemon/474.png,4.197530864197531
Gallade,475,259,520,16,384,psychic,fighting,https://raw.githubusercontent.com/PokeAPI/sprites/master/sprites/pokemon/475.png,2.03125
Probopass,476,184,3400,14,402,rock,steel,https://raw.githubusercontent.com/PokeAPI/sprites/master/sprites/pokemon/476.png,17.346938775510203
Dusknoir,477,263,1066,22,474,ghost,,https://raw.githubusercontent.com/PokeAPI/sprites/master/sprites/pokemon/477.png,2.2024793388429753
Froslass,478,168,266,13,483,ice,ghost,https://raw.githubusercontent.com/PokeAPI/sprites/master/sprites/pokemon/478.png,1.5739644970414202
Rotom,479,154,3,3,587,electric,ghost,https://raw.githubusercontent.com/PokeAPI/sprites/master/sprites/pokemon/479.png,0.3333333333333333
Uxie,480,290,3,3,593,psychic,,https://raw.githubusercontent.com/PokeAPI/sprites/master/sprites/pokemon/480.png,0.3333333333333333
Mesprit,481,290,3,3,594,psychic,,https://raw.githubusercontent.com/PokeAPI/sprites/master/sprites/pokemon/481.png,0.3333333333333333
Azelf,482,290,3,3,595,psychic,,https://raw.githubusercontent.com/PokeAPI/sprites/master/sprites/pokemon/482.png,0.3333333333333333
Dialga,483,340,6830,54,596,steel,dragon,https://raw.githubusercontent.com/PokeAPI/sprites/master/sprites/pokemon/483.png,2.342249657064472
Palkia,484,340,3360,42,597,water,dragon,https://raw.githubusercontent.com/PokeAPI/sprites/master/sprites/pokemon/484.png,1.9047619047619047
Heatran,485,300,4300,17,598,fire,steel,https://raw.githubusercontent.com/PokeAPI/sprites/master/sprites/pokemon/485.png,14.878892733564014
Regigigas,486,335,4200,37,599,normal,,https://raw.githubusercontent.com/PokeAPI/sprites/master/sprites/pokemon/486.png,3.0679327976625275
Giratina-Altered,487,340,7500,45,600,ghost,dragon,https://raw.githubusercontent.com/PokeAPI/sprites/master/sprites/pokemon/487.png,3.7037037037037037
Cresselia,488,300,856,15,602,psychic,,https://raw.githubusercontent.com/PokeAPI/sprites/master/sprites/pokemon/488.png,3.8044444444444445
Phione,489,216,31,4,603,water,,https://raw.githubusercontent.com/PokeAPI/sprites/master/sprites/pokemon/489.png,1.9375
Manaphy,490,270,14,3,604,water,,https://raw.githubusercontent.com/PokeAPI/sprites/master/sprites/pokemon/490.png,1.5555555555555556
Darkrai,491,270,505,15,605,dark,,https://raw.githubusercontent.com/PokeAPI/sprites/master/sprites/pokemon/491.png,2.2444444444444445
Shaymin-Land,492,270,21,2,606,grass,,https://raw.githubusercontent.com/PokeAPI/sprites/master/sprites/pokemon/492.png,5.25
Arceus,493,324,3200,32,608,normal,,https://raw.githubusercontent.com/PokeAPI/sprites/master/sprites/pokemon/493.png,3.125
Victini,494,300,40,4,609,psychic,fire,https://raw.githubusercontent.com/PokeAPI/sprites/master/sprites/pokemon/494.png,2.5
Snivy,495,62,81,6,610,grass,,https://raw.githubusercontent.com/PokeAPI/sprites/master/sprites/pokemon/495.png,2.25
Servine,496,145,160,8,611,grass,,https://raw.githubusercontent.com/PokeAPI/sprites/master/sprites/pokemon/496.png,2.5
Serperior,497,238,630,33,612,grass,,https://raw.githubusercontent.com/PokeAPI/sprites/master/sprites/pokemon/497.png,0.5785123966942148
Tepig,498,62,99,5,613,fire,,https://raw.githubusercontent.com/PokeAPI/sprites/master/sprites/pokemon/498.png,3.96
Pignite,499,146,555,10,614,fire,fighting,https://raw.githubusercontent.com/PokeAPI/sprites/master/sprites/pokemon/499.png,5.55
Emboar,500,238,1500,16,615,fire,fighting,https://raw.githubusercontent.com/PokeAPI/sprites/master/sprites/pokemon/500.png,5.859375
Oshawott,501,62,59,5,616,water,,https://raw.githubusercontent.com/PokeAPI/sprites/master/sprites/pokemon/501.png,2.36
Dewott,502,145,245,8,617,water,,https://raw.githubusercontent.com/PokeAPI/sprites/master/sprites/pokemon/502.png,3.828125
Samurott,503,238,946,15,618,water,,https://raw.githubusercontent.com/PokeAPI/sprites/master/sprites/pokemon/503.png,4.204444444444444
Patrat,504,51,116,5,619,normal,,https://raw.githubusercontent.com/PokeAPI/sprites/master/sprites/pokemon/504.png,4.64
Watchog,505,147,270,11,620,normal,,https://raw.githubusercontent.com/PokeAPI/sprites/master/sprites/pokemon/505.png,2.231404958677686
Lillipup,506,55,41,4,621,normal,,https://raw.githubusercontent.com/PokeAPI/sprites/master/sprites/pokemon/506.png,2.5625
Herdier,507,130,147,9,622,normal,,https://raw.githubusercontent.com/PokeAPI/sprites/master/sprites/pokemon/507.png,1.8148148148148149
Stoutland,508,250,610,12,623,normal,,https://raw.githubusercontent.com/PokeAPI/sprites/master/sprites/pokemon/508.png,4.236111111111111
Purrloin,509,56,101,4,624,dark,,https://raw.githubusercontent.com/PokeAPI/sprites/master/sprites/pokemon/509.png,6.3125
Liepard,510,156,375,11,625,dark,,https://raw.githubusercontent.com/PokeAPI/sprites/master/sprites/pokemon/510.png,3.0991735537190084
Pansage,511,63,105,6,626,grass,,https://raw.githubusercontent.com/PokeAPI/sprites/master/sprites/pokemon/511.png,2.9166666666666665
Simisage,512,174,305,11,627,grass,,https://raw.githubusercontent.com/PokeAPI/sprites/master/sprites/pokemon/512.png,2.520661157024793
Pansear,513,63,110,6,628,fire,,https://raw.githubusercontent.com/PokeAPI/sprites/master/sprites/pokemon/513.png,3.0555555555555554
Simisear,514,174,280,10,629,fire,,https://raw.githubusercontent.com/PokeAPI/sprites/master/sprites/pokemon/514.png,2.8
Panpour,515,63,135,6,630,water,,https://raw.githubusercontent.com/PokeAPI/sprites/master/sprites/pokemon/515.png,3.75
Simipour,516,174,290,10,631,water,,https://raw.githubusercontent.com/PokeAPI/sprites/master/sprites/pokemon/516.png,2.9
Munna,517,58,233,6,632,psychic,,https://raw.githubusercontent.com/PokeAPI/sprites/master/sprites/pokemon/517.png,6.472222222222222
Musharna,518,170,605,11,633,psychic,,https://raw.githubusercontent.com/PokeAPI/sprites/master/sprites/pokemon/518.png,5.0
Pidove,519,53,21,3,634,normal,flying,https://raw.githubusercontent.com/PokeAPI/sprites/master/sprites/pokemon/519.png,2.3333333333333335
Tranquill,520,125,150,6,635,normal,flying,https://raw.githubusercontent.com/PokeAPI/sprites/master/sprites/pokemon/520.png,4.166666666666667
Unfezant,521,244,290,12,636,normal,flying,https://raw.githubusercontent.com/PokeAPI/sprites/master/sprites/pokemon/521.png,2.013888888888889
Blitzle,522,59,298,8,637,electric,,https://raw.githubusercontent.com/PokeAPI/sprites/master/sprites/pokemon/522.png,4.65625
Zebstrika,523,174,795,16,638,electric,,https://raw.githubusercontent.com/PokeAPI/sprites/master/sprites/pokemon/523.png,3.10546875
Roggenrola,524,56,180,4,639,rock,,https://raw.githubusercontent.com/PokeAPI/sprites/master/sprites/pokemon/524.png,11.25
Boldore,525,137,1020,9,640,rock,,https://raw.githubusercontent.com/PokeAPI/sprites/master/sprites/pokemon/525.png,12.592592592592593
Gigalith,526,258,2600,17,641,rock,,https://raw.githubusercontent.com/PokeAPI/sprites/master/sprites/pokemon/526.png,8.996539792387543
Woobat,527,65,21,4,642,psychic,flying,https://raw.githubusercontent.com/PokeAPI/sprites/master/sprites/pokemon/527.png,1.3125
Swoobat,528,149,105,9,643,psychic,flying,https://raw.githubusercontent.com/PokeAPI/sprites/master/sprites/pokemon/528.png,1.2962962962962963
Drilbur,529,66,85,3,644,ground,,https://raw.githubusercontent.com/PokeAPI/sprites/master/sprites/pokemon/529.png,9.444444444444445
Excadrill,530,178,404,7,645,ground,steel,https://raw.githubusercontent.com/PokeAPI/sprites/master/sprites/pokemon/530.png,8.244897959183673
Audino,531,390,310,11,646,normal,,https://raw.githubusercontent.com/PokeAPI/sprites/master/sprites/pokemon/531.png,2.56198347107438
Timburr,532,61,125,6,648,fighting,,https://raw.githubusercontent.com/PokeAPI/sprites/master/sprites/pokemon/532.png,3.4722222222222223
Gurdurr,533,142,400,12,649,fighting,,https://raw.githubusercontent.com/PokeAPI/sprites/master/sprites/pokemon/533.png,2.7777777777777777
Conkeldurr,534,253,870,14,650,fighting,,https://raw.githubusercontent.com/PokeAPI/sprites/master/sprites/pokemon/534.png,4.438775510204081
Tympole,535,59,45,5,651,water,,https://raw.githubusercontent.com/PokeAPI/sprites/master/sprites/pokemon/535.png,1.8
Palpitoad,536,134,170,8,652,water,ground,https://raw.githubusercontent.com/PokeAPI/sprites/master/sprites/pokemon/536.png,2.65625
Seismitoad,537,255,620,15,653,water,ground,https://raw.githubusercontent.com/PokeAPI/sprites/master/sprites/pokemon/537.png,2.7555555555555555
Throh,538,163,555,13,654,fighting,,https://raw.githubusercontent.com/PokeAPI/sprites/master/sprites/pokemon/538.png,3.2840236686390534
Sawk,539,163,510,14,655,fighting,,https://raw.githubusercontent.com/PokeAPI/sprites/master/sprites/pokemon/539.png,2.6020408163265305
Sewaddle,540,62,25,3,656,bug,grass,https://raw.githubusercontent.com/PokeAPI/sprites/master/sprites/pokemon/540.png,2.7777777777777777
Swadloon,541,133,73,5,657,bug,grass,https://raw.githubusercontent.com/PokeAPI/sprites/master/sprites/pokemon/541.png,2.92
Leavanny,542,225,205,12,658,bug,grass,https://raw.githubusercontent.com/PokeAPI/sprites/master/sprites/pokemon/542.png,1.4236111111111112
Venipede,543,52,53,4,659,bug,poison,https://raw.githubusercontent.com/PokeAPI/sprites/master/sprites/pokemon/543.png,3.3125
Whirlipede,544,126,585,12,660,bug,poison,https://raw.githubusercontent.com/PokeAPI/sprites/master/sprites/pokemon/544.png,4.0625
Scolipede,545,243,2005,25,661,bug,poison,https://raw.githubusercontent.com/PokeAPI/sprites/master/sprites/pokemon/545.png,3.208
Cottonee,546,56,6,3,662,grass,fairy,https://raw.githubusercontent.com/PokeAPI/sprites/master/sprites/pokemon/546.png,0.6666666666666666
Whimsicott,547,168,66,7,663,grass,fairy,https://raw.githubusercontent.com/PokeAPI/sprites/master/sprites/pokemon/547.png,1.346938775510204
Petilil,548,56,66,5,664,grass,,https://raw.githubusercontent.com/PokeAPI/sprites/master/sprites/pokemon/548.png,2.64
Lilligant,549,168,163,11,665,grass,,https://raw.githubusercontent.com/PokeAPI/sprites/master/sprites/pokemon/549.png,1.3471074380165289
Basculin-Red-Striped,550,161,180,10,666,water,,https://raw.githubusercontent.com/PokeAPI/sprites/master/sprites/pokemon/550.png,1.8
Sandile,551,58,152,7,668,ground,dark,https://raw.githubusercontent.com/PokeAPI/sprites/master/sprites/pokemon/551.png,3.1020408163265305
Krokorok,552,123,334,10,669,ground,dark,https://raw.githubusercontent.com/PokeAPI/sprites/master/sprites/pokemon/552.png,3.34
Krookodile,553,260,963,15,670,ground,dark,https://raw.githubusercontent.com/PokeAPI/sprites/master/sprites/pokemon/553.png,4.28
Darumaka,554,63,375,6,671,fire,,https://raw.githubusercontent.com/PokeAPI/sprites/master/sprites/pokemon/554.png,10.416666666666666
Darmanitan-Standard,555,168,929,13,673,fire,,https://raw.githubusercontent.com/PokeAPI/sprites/master/sprites/pokemon/555.png,5.497041420118343
Maractus,556,161,280,10,677,grass,,https://raw.githubusercontent.com/PokeAPI/sprites/master/sprites/pokemon/556.png,2.8
Dwebble,557,65,145,3,678,bug,rock,https://raw.githubusercontent.com/PokeAPI/sprites/master/sprites/pokemon/557.png,16.11111111111111
Crustle,558,170,2000,14,679,bug,rock,https://raw.githubusercontent.com/PokeAPI/sprites/master/sprites/pokemon/558.png,10.204081632653061
Scraggy,559,70,118,6,680,dark,fighting,https://raw.githubusercontent.com/PokeAPI/sprites/master/sprites/pokemon/559.png,3.2777777777777777
Scrafty,560,171,300,11,681,dark,fighting,https://raw.githubusercontent.com/PokeAPI/sprites/master/sprites/pokemon/560.png,2.479338842975207
Sigilyph,561,172,140,14,682,psychic,flying,https://raw.githubusercontent.com/PokeAPI/sprites/master/sprites/pokemon/561.png,0.7142857142857143
Yamask,562,61,15,5,683,ghost,,https://raw.githubusercontent.com/PokeAPI/sprites/master/sprites/pokemon/562.png,0.6
Cofagrigus,563,169,765,17,685,ghost,,https://raw.githubusercontent.com/PokeAPI/sprites/master/sprites/pokemon/563.png,2.6470588235294117
Tirtouga,564,71,165,7,686,water,rock,https://raw.githubusercontent.com/PokeAPI/sprites/master/sprites/pokemon/564.png,3.36734693877551
Carracosta,565,173,810,12,687,water,rock,https://raw.githubusercontent.com/PokeAPI/sprites/master/sprites/pokemon/565.png,5.625
Archen,566,71,95,5,688,rock,flying,https://raw.githubusercontent.com/PokeAPI/sprites/master/sprites/pokemon/566.png,3.8
Archeops,567,177,320,14,689,rock,flying,https://raw.githubusercontent.com/PokeAPI/sprites/master/sprites/pokemon/567.png,1.6326530612244898
Trubbish,568,66,310,6,690,poison,,https://raw.githubusercontent.com/PokeAPI/sprites/master/sprites/pokemon/568.png,8.61111111111111
Garbodor,569,166,1073,19,691,poison,,https://raw.githubusercontent.com/PokeAPI/sprites/master/sprites/pokemon/569.png,2.972299168975069
Zorua,570,66,125,7,692,dark,,https://raw.githubusercontent.com/PokeAPI/sprites/master/sprites/pokemon/570.png,2.5510204081632653
Zoroark,571,179,811,16,693,dark,,https://raw.githubusercontent.com/PokeAPI/sprites/master/sprites/pokemon/571.png,3.16796875
Minccino,572,60,58,4,694,normal,,https://raw.githubusercontent.com/PokeAPI/sprites/master/sprites/pokemon/572.png,3.625
Cinccino,573,165,75,5,695,normal,,https://raw.githubusercontent.com/PokeAPI/sprites/master/sprites/pokemon/573.png,3.0
Gothita,574,58,58,4,696,psychic,,https://raw.githubusercontent.com/PokeAPI/sprites/master/sprites/pokemon/574.png,3.625
Gothorita,575,137,180,7,697,psychic,,https://raw.githubusercontent.com/PokeAPI/sprites/master/sprites/pokemon/575.png,3.673469387755102
Gothitelle,576,245,440,15,698,psychic,,https://raw.githubusercontent.com/PokeAPI/sprites/master/sprites/pokemon/576.png,1.9555555555555555
Solosis,577,58,10,3,699,psychic,,https://raw.githubusercontent.com/PokeAPI/sprites/master/sprites/pokemon/577.png,1.1111111111111112
Duosion,578,130,80,6,700,psychic,,https://raw.githubusercontent.com/PokeAPI/sprites/master/sprites/pokemon/578.png,2.2222222222222223
Reuniclus,579,245,201,10,701,psychic,,https://raw.githubusercontent.com/PokeAPI/sprites/master/sprites/pokemon/579.png,2.01
Ducklett,580,61,55,5,702,water,flying,https://raw.githubusercontent.com/PokeAPI/sprites/master/sprites/pokemon/580.png,2.2
Swanna,581,166,242,13,703,water,flying,https://raw.githubusercontent.com/PokeAPI/sprites/master/sprites/pokemon/581.png,1.4319526627218935
Vanillite,582,61,57,4,704,ice,,https://raw.githubusercontent.com/PokeAPI/sprites/master/sprites/pokemon/582.png,3.5625
Vanillish,583,138,410,11,705,ice,,https://raw.githubusercontent.com/PokeAPI/sprites/master/sprites/pokemon/583.png,3.3884297520661155
Vanilluxe,584,268,575,13,706,ice,,https://raw.githubusercontent.com/PokeAPI/sprites/master/sprites/pokemon/584.png,3.4023668639053253
Deerling,585,67,195,6,707,normal,grass,https://raw.githubusercontent.com/PokeAPI/sprites/master/sprites/pokemon/585.png,5.416666666666667
Sawsbuck,586,166,925,19,708,normal,grass,https://raw.githubusercontent.com/PokeAPI/sprites/master/sprites/pokemon/586.png,2.5623268698060944
Emolga,587,150,50,4,709,electric,flying,https://raw.githubusercontent.com/PokeAPI/sprites/master/sprites/pokemon/587.png,3.125
Karrablast,588,63,59,5,710,bug,,https://raw.githubusercontent.com/PokeAPI/sprites/master/sprites/pokemon/588.png,2.36
Escavalier,589,173,330,10,711,bug,steel,https://raw.githubusercontent.com/PokeAPI/sprites/master/sprites/pokemon/589.png,3.3
Foongus,590,59,10,2,712,grass,poison,https://raw.githubusercontent.com/PokeAPI/sprites/master/sprites/pokemon/590.png,2.5
Amoonguss,591,162,105,6,713,grass,poison,https://raw.githubusercontent.com/PokeAPI/sprites/master/sprites/pokemon/591.png,2.9166666666666665
Frillish,592,67,330,12,714,water,ghost,https://raw.githubusercontent.com/PokeAPI/sprites/master/sprites/pokemon/592.png,2.2916666666666665
Jellicent,593,168,1350,22,715,water,ghost,https://raw.githubusercontent.com/PokeAPI/sprites/master/sprites/pokemon/593.png,2.7892561983471076
Alomomola,594,165,316,12,716,water,,https://raw.githubusercontent.com/PokeAPI/sprites/master/sprites/pokemon/594.png,2.1944444444444446
Joltik,595,64,6,1,717,bug,electric,https://raw.githubusercontent.com/PokeAPI/sprites/master/sprites/pokemon/595.png,6.0
Galvantula,596,165,143,8,718,bug,electric,https://raw.githubusercontent.com/PokeAPI/sprites/master/sprites/pokemon/596.png,2.234375
Ferroseed,597,61,188,6,719,grass,steel,https://raw.githubusercontent.com/PokeAPI/sprites/master/sprites/pokemon/597.png,5.222222222222222
Ferrothorn,598,171,1100,10,720,grass,steel,https://raw.githubusercontent.com/PokeAPI/sprites/master/sprites/pokemon/598.png,11.0
Klink,599,60,210,3,721,steel,,https://raw.githubusercontent.com/PokeAPI/sprites/master/sprites/pokemon/599.png,23.333333333333332
Klang,600,154,510,6,722,steel,,https://raw.githubusercontent.com/PokeAPI/sprites/master/sprites/pokemon/600.png,14.166666666666666
Klinklang,601,260,810,6,723,steel,,https://raw.githubusercontent.com/PokeAPI/sprites/master/sprites/pokemon/601.png,22.5
Tynamo,602,55,3,2,724,electric,,https://raw.githubusercontent.com/PokeAPI/sprites/master/sprites/pokemon/602.png,0.75
Eelektrik,603,142,220,12,725,electric,,https://raw.githubusercontent.com/PokeAPI/sprites/master/sprites/pokemon/603.png,1.5277777777777777
Eelektross,604,232,805,21,726,electric,,https://raw.githubusercontent.com/PokeAPI/sprites/master/sprites/pokemon/604.png,1.8253968253968254
Elgyem,605,67,90,5,727,psychic,,https://raw.githubusercontent.com/PokeAPI/sprites/master/sprites/pokemon/605.png,3.6
Beheeyem,606,170,345,10,728,psychic,,https://raw.githubusercontent.com/PokeAPI/sprites/master/sprites/pokemon/606.png,3.45
Litwick,607,55,31,3,729,ghost,fire,https://raw.githubusercontent.com/PokeAPI/sprites/master/sprites/pokemon/607.png,3.4444444444444446
Lampent,608,130,130,6,730,ghost,fire,https://raw.githubusercontent.com/PokeAPI/sprites/master/sprites/pokemon/608.png,3.611111111111111
Chandelure,609,260,343,10,731,ghost,fire,https://raw.githubusercontent.com/PokeAPI/sprites/master/sprites/pokemon/609.png,3.43
Axew,610,64,180,6,732,dragon,,https://raw.githubusercontent.com/PokeAPI/sprites/master/sprites/pokemon/610.png,5.0
Fraxure,611,144,360,10,733,dragon,,https://raw.githubusercontent.com/PokeAPI/sprites/master/sprites/pokemon/611.png,3.6
Haxorus,612,270,1055,18,734,dragon,,https://raw.githubusercontent.com/PokeAPI/sprites/master/sprites/pokemon/612.png,3.256172839506173
Cubchoo,613,61,85,5,735,ice,,https://raw.githubusercontent.com/PokeAPI/sprites/master/sprites/pokemon/613.png,3.4
Beartic,614,177,2600,26,736,ice,,https://raw.githubusercontent.com/PokeAPI/sprites/master/sprites/pokemon/614.png,3.8461538461538463
Cryogonal,615,180,1480,11,737,ice,,https://raw.githubusercontent.com/PokeAPI/sprites/master/sprites/pokemon/615.png,12.231404958677686
Shelmet,616,61,77,4,738,bug,,https://raw.githubusercontent.com/PokeAPI/sprites/master/sprites/pokemon/616.png,4.8125
Accelgor,617,173,253,8,739,bug,,https://raw.githubusercontent.com/PokeAPI/sprites/master/sprites/pokemon/617.png,3.953125
Stunfisk,618,165,110,7,740,ground,electric,https://raw.githubusercontent.com/PokeAPI/sprites/master/sprites/pokemon/618.png,2.2448979591836733
Mienfoo,619,70,200,9,742,fighting,,https://raw.githubusercontent.com/PokeAPI/sprites/master/sprites/pokemon/619.png,2.4691358024691357
Mienshao,620,179,355,14,743,fighting,,https://raw.githubusercontent.com/PokeAPI/sprites/master/sprites/pokemon/620.png,1.8112244897959184
Druddigon,621,170,1390,16,744,dragon,,https://raw.githubusercontent.com/PokeAPI/sprites/master/sprites/pokemon/621.png,5.4296875
Golett,622,61,920,10,745,ground,ghost,https://raw.githubusercontent.com/PokeAPI/sprites/master/sprites/pokemon/622.png,9.2
Golurk,623,169,3300,28,746,ground,ghost,https://raw.githubusercontent.com/PokeAPI/sprites/master/sprites/pokemon/623.png,4.209183673469388
Pawniard,624,68,102,5,747,dark,steel,https://raw.githubusercontent.com/PokeAPI/sprites/master/sprites/pokemon/624.png,4.08
Bisharp,625,172,700,16,748,dark,steel,https://raw.githubusercontent.com/PokeAPI/sprites/master/sprites/pokemon/625.png,2.734375
Bouffalant,626,172,946,16,749,normal,,https://raw.githubusercontent.com/PokeAPI/sprites/master/sprites/pokemon/626.png,3.6953125
Rufflet,627,70,105,5,750,normal,flying,https://raw.githubusercontent.com/PokeAPI/sprites/master/sprites/pokemon/627.png,4.2
Braviary,628,179,410,15,751,normal,flying,https://raw.githubusercontent.com/PokeAPI/sprites/master/sprites/pokemon/628.png,1.8222222222222222
Vullaby,629,74,90,5,752,dark,flying,https://raw.githubusercontent.com/PokeAPI/sprites/master/sprites/pokemon/629.png,3.6
Mandibuzz,630,179,395,12,753,dark,flying,https://raw.githubusercontent.com/PokeAPI/sprites/master/sprites/pokemon/630.png,2.7430555555555554
Heatmor,631,169,580,14,754,fire,,https://raw.githubusercontent.com/PokeAPI/sprites/master/sprites/pokemon/631.png,2.9591836734693877
Durant,632,169,330,3,755,bug,steel,https://raw.githubusercontent.com/PokeAPI/sprites/master/sprites/pokemon/632.png,36.666666666666664
Deino,633,60,173,8,756,dark,dragon,https://raw.githubusercontent.com/PokeAPI/sprites/master/sprites/pokemon/633.png,2.703125
Zweilous,634,147,500,14,757,dark,dragon,https://raw.githubusercontent.com/PokeAPI/sprites/master/sprites/pokemon/634.png,2.5510204081632653
Hydreigon,635,300,1600,18,758,dark,dragon,https://raw.githubusercontent.com/PokeAPI/sprites/master/sprites/pokemon/635.png,4.938271604938271
Larvesta,636,72,288,11,759,bug,fire,https://raw.githubusercontent.com/PokeAPI/sprites/master/sprites/pokemon/636.png,2.3801652892561984
Volcarona,637,275,460,16,760,bug,fire,https://raw.githubusercontent.com/PokeAPI/sprites/master/sprites/pokemon/637.png,1.796875
Cobalion,638,290,2500,21,761,steel,fighting,https://raw.githubusercontent.com/PokeAPI/sprites/master/sprites/pokemon/638.png,5.668934240362812
Terrakion,639,290,2600,19,762,rock,fighting,https://raw.githubusercontent.com/PokeAPI/sprites/master/sprites/pokemon/639.png,7.202216066481994
Virizion,640,290,2000,20,763,grass,fighting,https://raw.githubusercontent.com/PokeAPI/sprites/master/sprites/pokemon/640.png,5.0
Tornadus-Incarnate,641,290,630,15,764,flying,,https://raw.githubusercontent.com/PokeAPI/sprites/master/sprites/pokemon/641.png,2.8
Thundurus-Incarnate,642,290,610,15,766,electric,flying,https://raw.githubusercontent.com/PokeAPI/sprites/master/sprites/pokemon/642.png,2.7111111111111112
Reshiram,643,340,3300,32,768,dragon,fire,https://raw.githubusercontent.com/PokeAPI/sprites/master/sprites/pokemon/643.png,3.22265625
Zekrom,644,340,3450,29,769,dragon,electric,https://raw.githubusercontent.com/PokeAPI/sprites/master/sprites/pokemon/644.png,4.102259215219976
Landorus-Incarnate,645,300,680,15,770,ground,flying,https://raw.githubusercontent.com/PokeAPI/sprites/master/sprites/pokemon/645.png,3.022222222222222
Kyurem,646,330,3250,30,772,dragon,ice,https://raw.githubusercontent.com/PokeAPI/sprites/master/sprites/pokemon/646.png,3.611111111111111
Keldeo-Ordinary,647,290,485,14,775,water,fighting,https://raw.githubusercontent.com/PokeAPI/sprites/master/sprites/pokemon/647.png,2.4744897959183674
Meloetta-Aria,648,270,65,6,777,normal,psychic,https://raw.githubusercontent.com/PokeAPI/sprites/master/sprites/pokemon/648.png,1.8055555555555556
Genesect,649,300,825,15,779,bug,steel,https://raw.githubusercontent.com/PokeAPI/sprites/master/sprites/pokemon/649.png,3.6666666666666665
Deoxys-Attack,10001,270,608,17,515,psychic,,https://raw.githubusercontent.com/PokeAPI/sprites/master/sprites/pokemon/10001.png,2.1038062283737022
Deoxys-Defense,10002,270,608,17,516,psychic,,https://raw.githubusercontent.com/PokeAPI/sprites/master/sprites/pokemon/10002.png,2.1038062283737022
Deoxys-Speed,10003,270,608,17,517,psychic,,https://raw.githubusercontent.com/PokeAPI/sprites/master/sprites/pokemon/10003.png,2.1038062283737022
Wormadam-Sandy,10004,148,65,5,543,bug,ground,https://raw.githubusercontent.com/PokeAPI/sprites/master/sprites/pokemon/10004.png,2.6
Wormadam-Trash,10005,148,65,5,544,bug,steel,https://raw.githubusercontent.com/PokeAPI/sprites/master/sprites/pokemon/10005.png,2.6
Shaymin-Sky,10006,270,52,4,607,grass,flying,https://raw.githubusercontent.com/PokeAPI/sprites/master/sprites/pokemon/10006.png,3.25
Giratina-Origin,10007,340,6500,69,601,ghost,dragon,https://raw.githubusercontent.com/PokeAPI/sprites/master/sprites/pokemon/10007.png,1.3652593992858644
Rotom-Heat,10008,182,3,3,588,electric,fire,https://raw.githubusercontent.com/PokeAPI/sprites/master/sprites/pokemon/10008.png,0.3333333333333333
Rotom-Wash,10009,182,3,3,589,electric,water,https://raw.githubusercontent.com/PokeAPI/sprites/master/sprites/pokemon/10009.png,0.3333333333333333
Rotom-Frost,10010,182,3,3,590,electric,ice,https://raw.githubusercontent.com/PokeAPI/sprites/master/sprites/pokemon/10010.png,0.3333333333333333
Rotom-Fan,10011,182,3,3,591,electric,flying,https://raw.githubusercontent.com/PokeAPI/sprites/master/sprites/pokemon/10011.png,0.3333333333333333
Rotom-Mow,10012,182,3,3,592,electric,grass,https://raw.githubusercontent.com/PokeAPI/sprites/master/sprites/pokemon/10012.png,0.3333333333333333
Castform-Sunny,10013,147,8,3,465,fire,,https://raw.githubusercontent.com/PokeAPI/sprites/master/sprites/pokemon/10013.png,0.8888888888888888
Castform-Rainy,10014,147,8,3,466,water,,https://raw.githubusercontent.com/PokeAPI/sprites/master/sprites/pokemon/10014.png,0.8888888888888888
Castform-Snowy,10015,147,8,3,467,ice,,https://raw.githubusercontent.com/PokeAPI/sprites/master/sprites/pokemon/10015.png,0.8888888888888888
Basculin-Blue-Striped,10016,161,180,10,667,water,,https://raw.githubusercontent.com/PokeAPI/sprites/master/sprites/pokemon/10016.png,1.8
Darmanitan-Zen,10017,189,929,13,674,fire,psychic,https://raw.githubusercontent.com/PokeAPI/sprites/master/sprites/pokemon/10017.png,5.497041420118343
Meloetta-Pirouette,10018,270,65,6,778,normal,fighting,https://raw.githubusercontent.com/PokeAPI/sprites/master/sprites/pokemon/10018.png,1.8055555555555556
